id,chr,pos,motif,motifLen,repeatTimes,prefix,suffix,threshold
chr1_8874731,chr1,8874731.0,T,1.0,10.0,ACAGA,CCTAA,0.015
chr1_9710632,chr1,9710632.0,AG,2.0,11.0,TGCTC,ACACA,0.0325
chr1_10072379,chr1,10072379.0,T,1.0,10.0,ATCGC,ATTGC,0.0416
chr1_12338369,chr1,12338369.0,T,1.0,10.0,ATCAA,AATGA,0.0224
chr1_15567276,chr1,15567276.0,TG,2.0,6.0,AAGCA,CATGT,0.016
chr1_15656641,chr1,15656641.0,GT,2.0,5.0,ATGTA,ACTGC,0.0043
chr1_20849392,chr1,20849392.0,T,1.0,10.0,GTGTG,AATCT,0.0308
chr1_25454402,chr1,25454402.0,TG,2.0,7.0,ATGTA,TATAT,0.0437
chr1_26864364,chr1,26864364.0,GC,2.0,5.0,TGTGT,CAGTG,0.0268
chr1_27353863,chr1,27353863.0,CT,2.0,5.0,CAAGC,GGACC,0.0069
chr1_27760478,chr1,27760478.0,T,1.0,10.0,ACTGA,CTTTA,0.0324
chr1_31579063,chr1,31579063.0,TG,2.0,8.0,TGGTA,AGACA,0.0197
chr1_35763067,chr1,35763067.0,A,1.0,10.0,CAGTT,TTAAG,0.0233
chr1_35816840,chr1,35816840.0,A,1.0,10.0,AAAAG,TAGCA,0.0606
chr1_40938862,chr1,40938862.0,A,1.0,10.0,CTTTG,TCTGG,0.0234
chr1_42696511,chr1,42696511.0,C,1.0,11.0,TTGCG,TTTTT,0.0883
chr1_45700203,chr1,45700203.0,A,1.0,10.0,GAGAG,TATGT,0.0411
chr1_50567026,chr1,50567026.0,T,1.0,10.0,AATGA,AATAG,0.0253
chr1_52784862,chr1,52784862.0,T,1.0,10.0,ACTAA,CCAGC,0.0323
chr1_56723520,chr1,56723520.0,T,1.0,10.0,ACAGA,AAATG,0.0243
chr1_61769256,chr1,61769256.0,T,1.0,10.0,TTGAC,AACGC,0.034
chr1_65408943,chr1,65408943.0,T,1.0,10.0,CAGGA,CTCAT,0.0261
chr1_66643727,chr1,66643727.0,TG,2.0,7.0,AGTGT,TTAAG,0.0194
chr1_75213884,chr1,75213884.0,T,1.0,10.0,TAAAC,ATTAT,0.0294
chr1_85045055,chr1,85045055.0,A,1.0,10.0,TATTT,CCACT,0.0387
chr1_86124826,chr1,86124826.0,A,1.0,13.0,ATATT,CTTAC,0.0661
chr1_87339660,chr1,87339660.0,A,1.0,10.0,TTTTT,TCATA,0.04
chr1_89269170,chr1,89269170.0,A,1.0,10.0,CAAAG,GAGGT,0.0377
chr1_91981404,chr1,91981404.0,TGTA,4.0,6.0,TTGTT,GAGAC,0.0058
chr1_94079250,chr1,94079250.0,AC,2.0,12.0,CTCTC,TTCTG,0.0899
chr1_99915611,chr1,99915611.0,A,1.0,10.0,AAGTT,TTAGT,0.0349
chr1_102898928,chr1,102898928.0,T,1.0,10.0,TATTA,ACCTT,0.0304
chr1_105891695,chr1,105891695.0,T,1.0,11.0,TAAAA,AATCT,0.0283
chr1_107480508,chr1,107480508.0,T,1.0,10.0,AGAGA,AGGCT,0.0427
chr1_117776510,chr1,117776510.0,T,1.0,12.0,TTTAC,CAATG,0.0658
chr1_120840214,chr1,120840214.0,T,1.0,10.0,ATAAA,ACCTC,0.0222
chr1_146595238,chr1,146595238.0,GT,2.0,7.0,TCTGA,GCACA,0.0258
chr1_146814292,chr1,146814292.0,A,1.0,10.0,AAGTT,CATAT,0.0279
chr1_146875575,chr1,146875575.0,A,1.0,12.0,AAGAC,TGATT,0.0314
chr1_149554358,chr1,149554358.0,T,1.0,11.0,ATAAA,ACCTC,0.0227
chr1_149784332,chr1,149784332.0,TG,2.0,5.0,CCAGA,TCGAT,0.0046
chr1_150223010,chr1,150223010.0,A,1.0,10.0,CTCTT,CTTTT,0.0289
chr1_150228972,chr1,150228972.0,T,1.0,10.0,GTGGA,CACAC,0.0257
chr1_151024495,chr1,151024495.0,A,1.0,11.0,GTCTC,GACAT,0.058
chr1_151162103,chr1,151162103.0,A,1.0,10.0,ATCTT,GTCAC,0.0277
chr1_152085006,chr1,152085006.0,CT,2.0,5.0,CCAGC,GAGGG,0.0035
chr1_152351423,chr1,152351423.0,TG,2.0,5.0,CTGAA,AGACC,0.003
chr1_152352081,chr1,152352081.0,TG,2.0,5.0,TTGGC,TCCTG,0.0051
chr1_153380442,chr1,153380442.0,A,1.0,13.0,CTCGG,TCTGG,0.0456
chr1_154054709,chr1,154054709.0,GA,2.0,7.0,TGTGT,GGTAA,0.0334
chr1_154454470,chr1,154454470.0,T,1.0,10.0,TTCAA,AACCT,0.0231
chr1_156293220,chr1,156293220.0,AG,2.0,6.0,CAAGC,GTAAG,0.0202
chr1_156533168,chr1,156533168.0,AC,2.0,6.0,CACAT,ATGCA,0.0326
chr1_156672946,chr1,156672946.0,AG,2.0,5.0,GGAGC,GAGCA,0.0066
chr1_156932782,chr1,156932782.0,T,1.0,11.0,GACCA,CTGCC,0.0541
chr1_158686642,chr1,158686642.0,A,1.0,11.0,GGGGG,CCTCT,0.0501
chr1_161820924,chr1,161820924.0,T,1.0,16.0,TTTGA,AAATA,0.0384
chr1_162780065,chr1,162780065.0,TC,2.0,8.0,AATAT,TTTTG,0.025
chr1_165671778,chr1,165671778.0,A,1.0,10.0,CAAAC,GAATG,0.0462
chr1_167893770,chr1,167893770.0,T,1.0,10.0,TGCTG,CTTAA,0.0388
chr1_169397148,chr1,169397148.0,T,1.0,10.0,GAGGG,CCAAT,0.0381
chr1_169711665,chr1,169711665.0,TCC,3.0,5.0,TCACA,CCTTT,0.0036
chr1_171331904,chr1,171331904.0,A,1.0,12.0,GTGGG,CATTG,0.0499
chr1_173961597,chr1,173961597.0,A,1.0,10.0,GATTT,GAAGC,0.0391
chr1_174241401,chr1,174241401.0,A,1.0,11.0,TTTTT,CCTAA,0.0512
chr1_175116925,chr1,175116925.0,T,1.0,10.0,AGCAA,CAGAC,0.0291
chr1_179635645,chr1,179635645.0,T,1.0,10.0,TTTAA,CTAAC,0.0311
chr1_179991980,chr1,179991980.0,T,1.0,10.0,CCTAA,AAGAT,0.0271
chr1_181783633,chr1,181783633.0,T,1.0,14.0,TTCAA,GCCTG,0.074
chr1_183544856,chr1,183544856.0,A,1.0,10.0,CTGTT,TGACT,0.0408
chr1_186346102,chr1,186346102.0,A,1.0,10.0,AAGTT,TTAAT,0.0215
chr1_193051712,chr1,193051712.0,TA,2.0,6.0,TAAAG,CATAT,0.0154
chr1_196977777,chr1,196977777.0,TG,2.0,5.0,TTGAT,TATGC,0.0166
chr1_200590092,chr1,200590092.0,A,1.0,10.0,GTCGG,TAAAA,0.0419
chr1_200606917,chr1,200606917.0,A,1.0,11.0,CCAGG,CCACA,0.0417
chr1_201785268,chr1,201785268.0,TC,2.0,7.0,ATGCT,TTTTT,0.0179
chr1_201852068,chr1,201852068.0,T,1.0,10.0,CAGTA,AACAG,0.032
chr1_204537759,chr1,204537759.0,TG,2.0,6.0,GTACC,TTTGA,0.0168
chr1_206393503,chr1,206393503.0,A,1.0,11.0,CCCTT,GGTAA,0.0206
chr1_207067473,chr1,207067473.0,T,1.0,10.0,GGGAA,CCTTT,0.0365
chr1_207889755,chr1,207889755.0,A,1.0,12.0,AACAG,CTGCT,0.0517
chr1_214630674,chr1,214630674.0,TC,2.0,7.0,CCGTG,CTTAA,0.0177
chr1_215580846,chr1,215580846.0,T,1.0,10.0,ATGTA,AAAAA,0.0261
chr1_215758559,chr1,215758559.0,AC,2.0,7.0,TGTTT,ATACT,0.0221
chr1_216072847,chr1,216072847.0,TG,2.0,6.0,ATGCA,CACAT,0.0145
chr1_216321844,chr1,216321844.0,T,1.0,10.0,TACTA,AGATT,0.0319
chr1_222579708,chr1,222579708.0,A,1.0,10.0,ATTAG,GAATA,0.0414
chr1_222982938,chr1,222982938.0,T,1.0,11.0,TTGCC,AACAC,0.0506
chr1_225519414,chr1,225519414.0,TC,2.0,6.0,TCTTG,CAGCT,0.0086
chr1_225783136,chr1,225783136.0,T,1.0,10.0,GCTGA,AACTT,0.03
chr1_227025974,chr1,227025974.0,A,1.0,10.0,TTAAT,TTACT,0.0254
chr1_228458683,chr1,228458683.0,GC,2.0,6.0,TGTGT,CGGCA,0.0255
chr1_229495688,chr1,229495688.0,A,1.0,10.0,ACATT,TCGCT,0.0239
chr1_230801548,chr1,230801548.0,TC,2.0,7.0,CCTCA,TTCCC,0.0195
chr1_235770048,chr1,235770048.0,A,1.0,10.0,GATGG,GAAAA,0.065
chr1_236232636,chr1,236232636.0,T,1.0,10.0,TGGTC,AACAT,0.0346
chr1_237795450,chr1,237795450.0,T,1.0,12.0,CTCCA,AATTT,0.0308
chr1_240092766,chr1,240092766.0,CAG,3.0,6.0,AGCAA,CTCCA,0.0299
chr1_245059371,chr1,245059371.0,T,1.0,10.0,AAAAC,CCAGA,0.0369
chr1_245953233,chr1,245953233.0,TTC,3.0,5.0,ACCTT,CATAG,0.0046
chr1_247429798,chr1,247429798.0,GA,2.0,8.0,CATAT,AACAG,0.0275
chr2_3767942,chr2,3767942.0,T,1.0,12.0,TGGGA,CAGAG,0.0514
chr2_9455757,chr2,9455757.0,GT,2.0,6.0,GACAG,ACTGA,0.0138
chr2_10607172,chr2,10607172.0,T,1.0,10.0,CACAA,ACCTA,0.0244
chr2_10777692,chr2,10777692.0,AG,2.0,7.0,CCGAC,TGAGG,0.0217
chr2_11177719,chr2,11177719.0,T,1.0,10.0,TACAC,ATTTC,0.037
chr2_23385577,chr2,23385577.0,GGA,3.0,5.0,GCGGC,ACGAG,0.0089
chr2_23888041,chr2,23888041.0,A,1.0,10.0,AAAAG,TCAAA,0.0429
chr2_26201082,chr2,26201082.0,A,1.0,10.0,CCTTT,TCTCT,0.0284
chr2_27861663,chr2,27861663.0,G,1.0,10.0,TTTTT,TGGAG,0.0392
chr2_33539074,chr2,33539074.0,T,1.0,10.0,TGTGG,GTTTA,0.0503
chr2_36758945,chr2,36758945.0,T,1.0,10.0,TCTCG,CTCTT,0.0468
chr2_42351134,chr2,42351134.0,A,1.0,11.0,CAAGT,TTTTA,0.0303
chr2_44339365,chr2,44339365.0,AG,2.0,8.0,TAGCT,ACATG,0.0327
chr2_47155260,chr2,47155260.0,CT,2.0,5.0,GCCTC,AGGCT,0.0102
chr2_47373442,chr2,47373442.0,T,1.0,10.0,GTAGA,AATTT,0.025
chr2_47482657,chr2,47482657.0,A,1.0,10.0,AAAAT,TTTTT,0.0503
chr2_58226708,chr2,58226708.0,A,1.0,12.0,GTCAG,TTCTT,0.0362
chr2_58461706,chr2,58461706.0,CT,2.0,7.0,GCTAG,CAATT,0.0229
chr2_60916858,chr2,60916858.0,T,1.0,10.0,AAAAA,CTATT,0.0252
chr2_69871726,chr2,69871726.0,T,1.0,10.0,TTTTA,AATCC,0.0368
chr2_69904188,chr2,69904188.0,T,1.0,11.0,GCATG,ATAAG,0.049
chr2_72498419,chr2,72498419.0,AC,2.0,5.0,CATGA,ATATG,0.0084
chr2_74528984,chr2,74528984.0,A,1.0,10.0,AAATG,CTGAC,0.0296
chr2_74555135,chr2,74555135.0,CT,2.0,6.0,GAGCA,CCCTA,0.0238
chr2_74854114,chr2,74854114.0,T,1.0,12.0,TTTGG,AAGAC,0.0607
chr2_80619022,chr2,80619022.0,T,1.0,13.0,GGTAC,CTTTT,0.1104
chr2_84449837,chr2,84449837.0,A,1.0,10.0,ATCAC,TTCTT,0.0342
chr2_87170985,chr2,87170985.0,A,1.0,10.0,TGCTG,TACAT,0.0199
chr2_89609893,chr2,89609893.0,T,1.0,18.0,TATCA,AAGGA,0.0254
chr2_94196740,chr2,94196740.0,AC,2.0,8.0,GATAA,AAAAT,0.0192
chr2_95049538,chr2,95049538.0,TC,2.0,5.0,CCCCG,CCCAT,0.0067
chr2_98618123,chr2,98618123.0,T,1.0,15.0,ATTTA,AAATC,0.1139
chr2_99327759,chr2,99327759.0,A,1.0,10.0,CAATT,GTTTT,0.0358
chr2_106470958,chr2,106470958.0,A,1.0,10.0,TGTGG,TACTG,0.0215
chr2_108507405,chr2,108507405.0,C,1.0,11.0,AAGAA,AAAAA,0.087
chr2_108788018,chr2,108788018.0,T,1.0,11.0,TTTTC,AGTAT,0.0554
chr2_130114681,chr2,130114681.0,A,1.0,11.0,GCATT,CTGTA,0.0196
chr2_130212910,chr2,130212910.0,T,1.0,11.0,TATTC,ACAGT,0.0073
chr2_131224231,chr2,131224231.0,T,1.0,12.0,TACAG,AATGC,0.0102
chr2_131609489,chr2,131609489.0,T,1.0,11.0,TAATG,GCCTT,0.0184
chr2_135920387,chr2,135920387.0,T,1.0,10.0,AAGAA,AAAGG,0.0215
chr2_149213131,chr2,149213131.0,GT,2.0,6.0,GGATC,TATTG,0.0301
chr2_152148313,chr2,152148313.0,GA,2.0,6.0,AAAAA,CAGTT,0.0152
chr2_157321549,chr2,157321549.0,ATC,3.0,6.0,CAATT,AATTT,0.0049
chr2_157780555,chr2,157780555.0,CA,2.0,6.0,ACCTT,TGTAG,0.0118
chr2_165146847,chr2,165146847.0,TC,2.0,5.0,AGCTG,CTTTG,0.0019
chr2_165162254,chr2,165162254.0,T,1.0,10.0,CCTAC,CGCAA,0.0347
chr2_171952754,chr2,171952754.0,T,1.0,10.0,GTAGA,AAGTA,0.029
chr2_172079155,chr2,172079155.0,T,1.0,10.0,ATCTG,CTGTC,0.036
chr2_173258644,chr2,173258644.0,A,1.0,10.0,AGACT,TTGTT,0.0236
chr2_175092992,chr2,175092992.0,A,1.0,10.0,CTAGG,TCTAT,0.0334
chr2_178527837,chr2,178527837.0,AC,2.0,5.0,CTTCA,AGCAG,0.0124
chr2_178622587,chr2,178622587.0,T,1.0,10.0,CTAAC,CCATT,0.0401
chr2_183083413,chr2,183083413.0,T,1.0,10.0,TGGTC,AATAA,0.0335
chr2_186667847,chr2,186667847.0,A,1.0,10.0,ACTTT,TTCTA,0.0229
chr2_189923725,chr2,189923725.0,CCT,3.0,5.0,GTGTA,ATTGC,0.0076
chr2_190212935,chr2,190212935.0,T,1.0,10.0,TGACA,AAATT,0.0295
chr2_191360751,chr2,191360751.0,TGT,3.0,12.0,TGTGG,TGGAG,0.0215
chr2_198089091,chr2,198089091.0,GT,2.0,7.0,TTTAC,GAAAT,0.0309
chr2_200669532,chr2,200669532.0,GA,2.0,5.0,AGAGT,GGTAT,0.0152
chr2_202231625,chr2,202231625.0,A,1.0,10.0,GTCTC,GATTA,0.0498
chr2_203957947,chr2,203957947.0,T,1.0,13.0,GTTAA,AATTT,0.0408
chr2_215319551,chr2,215319551.0,T,1.0,10.0,ATAAA,AATCA,0.0192
chr2_217893391,chr2,217893391.0,GC,2.0,5.0,CATGT,ACACA,0.0296
chr2_221425903,chr2,221425903.0,T,1.0,11.0,TATTG,CATTT,0.0456
chr2_222908641,chr2,222908641.0,A,1.0,11.0,GATAG,TCTTC,0.037
chr2_227254259,chr2,227254259.0,T,1.0,11.0,AGTTG,AAAGA,0.0502
chr2_230200787,chr2,230200787.0,A,1.0,10.0,TAATG,GTTAA,0.0364
chr2_233489549,chr2,233489549.0,A,1.0,10.0,TTTAG,TGAAG,0.0369
chr2_237368509,chr2,237368509.0,A,1.0,10.0,TAACT,TGTTG,0.0348
chr2_238016513,chr2,238016513.0,T,1.0,10.0,TTTCC,AATTT,0.0393
chr3_9502314,chr3,9502314.0,AG,2.0,10.0,ATCTA,AAGGA,0.0284
chr3_10929203,chr3,10929203.0,TG,2.0,5.0,CAGTT,GAAAG,0.0027
chr3_12736544,chr3,12736544.0,TG,2.0,5.0,GAGAC,TCCAT,0.0101
chr3_12901185,chr3,12901185.0,GGT,3.0,5.0,GGGTG,GATGG,0.114
chr3_14689975,chr3,14689975.0,TC,2.0,6.0,AAGAA,CCACT,0.0114
chr3_19978531,chr3,19978531.0,AG,2.0,7.0,GTGTG,ATTAT,0.0297
chr3_33835945,chr3,33835945.0,T,1.0,10.0,AAAGA,GAAAC,0.0353
chr3_35687620,chr3,35687620.0,A,1.0,10.0,TTTAG,TCTGC,0.0266
chr3_38096468,chr3,38096468.0,T,1.0,10.0,CAGTG,CACAA,0.0397
chr3_38120547,chr3,38120547.0,GA,2.0,6.0,GAGTG,TGGTG,0.0138
chr3_38348650,chr3,38348650.0,TG,2.0,5.0,GTGCA,ATGGG,0.0039
chr3_42561043,chr3,42561043.0,A,1.0,10.0,TAGTG,TCAAC,0.0325
chr3_44357689,chr3,44357689.0,TG,2.0,6.0,GGATT,AGTGC,0.0104
chr3_49030364,chr3,49030364.0,A,1.0,11.0,AAAAG,TGGAG,0.0701
chr3_52693173,chr3,52693173.0,T,1.0,10.0,TTTGG,AAGGT,0.0333
chr3_52694296,chr3,52694296.0,T,1.0,10.0,TATGA,AACAT,0.0142
chr3_53179820,chr3,53179820.0,TG,2.0,6.0,GTGTC,CATGC,0.0299
chr3_54969965,chr3,54969965.0,A,1.0,13.0,AATCT,TCATT,0.0436
chr3_56619254,chr3,56619254.0,T,1.0,10.0,TACTA,AAATA,0.0284
chr3_57259807,chr3,57259807.0,A,1.0,10.0,ACAGT,TATGT,0.0361
chr3_57402310,chr3,57402310.0,T,1.0,10.0,CTCCC,CCACT,0.0516
chr3_58806354,chr3,58806354.0,T,1.0,11.0,CTAAG,CTTAA,0.0374
chr3_61742908,chr3,61742908.0,AC,2.0,6.0,CCAGG,AACTT,0.0152
chr3_62167931,chr3,62167931.0,T,1.0,10.0,TGTTG,CCCCC,0.0506
chr3_65429482,chr3,65429482.0,A,1.0,10.0,GGGAT,TTCAA,0.0404
chr3_65478887,chr3,65478887.0,A,1.0,10.0,ACATT,TTAAA,0.0338
chr3_77493229,chr3,77493229.0,T,1.0,10.0,TTTCA,CAAGA,0.0333
chr3_81578126,chr3,81578126.0,A,1.0,10.0,AAATG,GTGCT,0.0407
chr3_87051042,chr3,87051042.0,A,1.0,10.0,TTCAG,TCTCA,0.0298
chr3_98531922,chr3,98531922.0,GA,2.0,5.0,AAAAA,GGCAG,0.0226
chr3_100297882,chr3,100297882.0,T,1.0,10.0,TTTGA,CATAA,0.0266
chr3_100323545,chr3,100323545.0,TA,2.0,5.0,ATATG,TGTAT,0.1677
chr3_100876402,chr3,100876402.0,A,1.0,10.0,TTCTC,TCAAT,0.0356
chr3_105545448,chr3,105545448.0,CT,2.0,8.0,ACCAG,GTTTC,0.024
chr3_105751360,chr3,105751360.0,TG,2.0,7.0,GTTTA,AGAGA,0.0194
chr3_108410434,chr3,108410434.0,A,1.0,10.0,AAAGT,TAAGT,0.0278
chr3_108510590,chr3,108510590.0,A,1.0,11.0,ACCTG,TTGAT,0.0253
chr3_122540898,chr3,122540898.0,T,1.0,10.0,TTTTG,GAGAT,0.0532
chr3_122552357,chr3,122552357.0,A,1.0,10.0,TGTTT,GACTG,0.0347
chr3_122728665,chr3,122728665.0,T,1.0,10.0,TTAGC,AATTC,0.0327
chr3_123092340,chr3,123092340.0,T,1.0,10.0,TTTTG,ACAGA,0.0365
chr3_124385018,chr3,124385018.0,CA,2.0,5.0,CCTTC,CCAAA,0.0137
chr3_128895232,chr3,128895232.0,A,1.0,10.0,AGAAG,GCCAA,0.0449
chr3_128899488,chr3,128899488.0,GT,2.0,6.0,TGCGC,AAGGG,0.0167
chr3_129827836,chr3,129827836.0,GCA,3.0,8.0,GACAT,CAAGC,0.0169
chr3_141580555,chr3,141580555.0,AC,2.0,11.0,AACAT,AGACA,0.0333
chr3_141903569,chr3,141903569.0,AC,2.0,6.0,TGCAT,GCACG,0.0167
chr3_142375974,chr3,142375974.0,CA,2.0,13.0,ACGTG,CGAGT,0.0384
chr3_146533391,chr3,146533391.0,CT,2.0,5.0,TCTTA,CCCAC,0.0145
chr3_149968568,chr3,149968568.0,A,1.0,12.0,AAAAG,CACAC,0.0585
chr3_154354012,chr3,154354012.0,T,1.0,10.0,TTTGA,CATAT,0.0274
chr3_160502040,chr3,160502040.0,CA,2.0,5.0,ATATA,TATAT,0.0491
chr3_161065379,chr3,161065379.0,TC,2.0,5.0,CGCGT,TTCTA,0.0068
chr3_165030899,chr3,165030899.0,A,1.0,10.0,AAAAG,CACAA,0.0641
chr3_179376924,chr3,179376924.0,T,1.0,10.0,ACAAG,CCTTG,0.0366
chr3_179898058,chr3,179898058.0,T,1.0,10.0,TAAAG,CTAGT,0.042
chr3_183803973,chr3,183803973.0,T,1.0,10.0,GAAAA,AAGTG,0.0269
chr3_184331220,chr3,184331220.0,GA,2.0,5.0,CCTTG,GCTTT,0.0087
chr3_184855684,chr3,184855684.0,T,1.0,10.0,GATGA,CCATC,0.0331
chr3_187253326,chr3,187253326.0,GA,2.0,8.0,AATAT,AATAG,0.0205
chr3_187262497,chr3,187262497.0,GA,2.0,8.0,CTTCG,CCTGA,0.0247
chr3_193471094,chr3,193471094.0,T,1.0,10.0,AGACA,AGAAA,0.0391
chr3_193659431,chr3,193659431.0,TG,2.0,5.0,TAATT,TAAGT,0.0069
chr3_196291390,chr3,196291390.0,AC,2.0,6.0,ATACA,ATCCA,0.013
chr3_196733739,chr3,196733739.0,TC,2.0,7.0,TAACT,CATAG,0.018
chr4_2964147,chr4,2964147.0,C,1.0,10.0,CCCGA,AGAGA,0.0609
chr4_3037584,chr4,3037584.0,GT,2.0,8.0,TGTCC,CTGTG,0.0327
chr4_4409510,chr4,4409510.0,GT,2.0,6.0,TGCGG,CTGTC,0.0121
chr4_6717573,chr4,6717573.0,TA,2.0,5.0,GTGTG,TGTGG,0.0358
chr4_15824792,chr4,15824792.0,T,1.0,10.0,CTCTG,CATTT,0.0385
chr4_20553735,chr4,20553735.0,TG,2.0,10.0,ATACT,TATGT,0.0336
chr4_22420784,chr4,22420784.0,A,1.0,10.0,CCTGC,TCTTT,0.0333
chr4_26999206,chr4,26999206.0,GT,2.0,5.0,TATAT,TTTTC,0.0097
chr4_36119518,chr4,36119518.0,T,1.0,10.0,ATTAG,CACTC,0.049
chr4_39862799,chr4,39862799.0,A,1.0,10.0,ACAAG,CCTAA,0.051
chr4_41646490,chr4,41646490.0,GA,2.0,6.0,GAGCG,GCTGC,0.0168
chr4_52028635,chr4,52028635.0,A,1.0,10.0,GTCTC,CAACA,0.0445
chr4_55089570,chr4,55089570.0,T,1.0,10.0,ATCTA,CAAAG,0.0338
chr4_55904324,chr4,55904324.0,T,1.0,10.0,ATGAC,AATAA,0.0336
chr4_56395206,chr4,56395206.0,A,1.0,12.0,TTCAG,TCTCA,0.0434
chr4_61202763,chr4,61202763.0,GT,2.0,5.0,TGTGC,GGTGT,0.0403
chr4_68282432,chr4,68282432.0,A,1.0,10.0,AGAGT,TTATA,0.0279
chr4_77819375,chr4,77819375.0,CG,2.0,7.0,AAACA,CACCA,0.0177
chr4_82819010,chr4,82819010.0,T,1.0,11.0,TATAA,AACAT,0.0321
chr4_83448768,chr4,83448768.0,AC,2.0,7.0,AACAT,CTTTT,0.0196
chr4_83590087,chr4,83590087.0,A,1.0,10.0,ACGCG,TTACA,0.0305
chr4_86017164,chr4,86017164.0,GT,2.0,6.0,TCTGC,TCCAT,0.0156
chr4_87127011,chr4,87127011.0,T,1.0,10.0,ATTGA,GAAGG,0.0341
chr4_88706571,chr4,88706571.0,T,1.0,10.0,AGGCC,CTTAA,0.0467
chr4_88804832,chr4,88804832.0,A,1.0,10.0,CATTT,TTTCT,0.0339
chr4_94573316,chr4,94573316.0,T,1.0,10.0,CATTA,CTTTT,0.0582
chr4_94585540,chr4,94585540.0,T,1.0,10.0,TTTAA,CTCCT,0.0288
chr4_95114645,chr4,95114645.0,AC,2.0,12.0,CCTAG,TGACT,0.0312
chr4_99427680,chr4,99427680.0,T,1.0,12.0,AAATG,CCAAA,0.0456
chr4_101855232,chr4,101855232.0,TGG,3.0,5.0,TGTTA,TTGTT,0.0125
chr4_109976306,chr4,109976306.0,AC,2.0,6.0,TGTTT,ATACC,0.0214
chr4_112264899,chr4,112264899.0,T,1.0,10.0,ATAAC,AGAAA,0.0275
chr4_112426453,chr4,112426453.0,T,1.0,10.0,CCCTC,CAGGG,0.0353
chr4_118752896,chr4,118752896.0,A,1.0,10.0,TAAGG,GTGTT,0.0381
chr4_119185943,chr4,119185943.0,T,1.0,10.0,ATCTG,AATTT,0.0285
chr4_119525497,chr4,119525497.0,AC,2.0,5.0,TACAT,ATACA,0.0181
chr4_122281516,chr4,122281516.0,T,1.0,10.0,AATTA,GCTTT,0.0406
chr4_127803568,chr4,127803568.0,T,1.0,10.0,TTTTC,GGAAG,0.0469
chr4_127896651,chr4,127896651.0,T,1.0,10.0,GAGAG,AACTG,0.0265
chr4_142081964,chr4,142081964.0,A,1.0,10.0,TTTTG,TAAAA,0.0354
chr4_146639545,chr4,146639545.0,CT,2.0,6.0,TTCCC,TAAGT,0.0237
chr4_154548807,chr4,154548807.0,A,1.0,11.0,AATTG,CTACA,0.046
chr4_159268048,chr4,159268048.0,T,1.0,11.0,CTCCC,CCTTT,0.0608
chr4_159338208,chr4,159338208.0,A,1.0,10.0,GCTGC,TGGAA,0.0549
chr4_159353450,chr4,159353450.0,T,1.0,10.0,TCTTG,CTTTT,0.0478
chr4_176131474,chr4,176131474.0,T,1.0,10.0,CTGGA,AATGA,0.026
chr4_183285939,chr4,183285939.0,T,1.0,10.0,AGTGA,AAATC,0.0284
chr4_184657405,chr4,184657405.0,A,1.0,10.0,TCTTT,GTCTA,0.0431
chr4_185623485,chr4,185623485.0,TGG,3.0,5.0,GGTGA,CTGGA,0.0108
chr4_186209380,chr4,186209380.0,A,1.0,10.0,GCCTT,TAGGT,0.0259
chr5_3599150,chr5,3599150.0,TC,2.0,8.0,TCATG,CCTTT,0.032
chr5_14482439,chr5,14482439.0,A,1.0,10.0,AAAAG,TTAAA,0.0546
chr5_31293830,chr5,31293830.0,A,1.0,13.0,ATAGT,CTTGT,0.0479
chr5_36064114,chr5,36064114.0,AC,2.0,6.0,TACAT,AAGCT,0.0221
chr5_36953894,chr5,36953894.0,A,1.0,10.0,TAAAG,TTGAT,0.0348
chr5_36995590,chr5,36995590.0,T,1.0,10.0,TTACA,AAATT,0.0241
chr5_37044224,chr5,37044224.0,T,1.0,10.0,CAGAC,AACTG,0.0362
chr5_38954723,chr5,38954723.0,T,1.0,10.0,TTTTG,ACTAT,0.0435
chr5_39390019,chr5,39390019.0,T,1.0,10.0,TGGGA,AATCT,0.0228
chr5_40746773,chr5,40746773.0,A,1.0,10.0,TCCAT,CTTTA,0.0346
chr5_53074992,chr5,53074992.0,T,1.0,10.0,AAACA,CACGT,0.0331
chr5_55102572,chr5,55102572.0,A,1.0,10.0,ACTTG,TGAAA,0.0385
chr5_55128398,chr5,55128398.0,A,1.0,11.0,ATGAG,CTGGC,0.0519
chr5_56935534,chr5,56935534.0,A,1.0,10.0,TTATT,TACTG,0.0302
chr5_58824926,chr5,58824926.0,T,1.0,10.0,TCGTG,CCTTT,0.1292
chr5_61686807,chr5,61686807.0,T,1.0,10.0,GGACA,CATTT,0.0353
chr5_66170654,chr5,66170654.0,GA,2.0,5.0,AAAAG,GGGAA,0.0092
chr5_66170759,chr5,66170759.0,AG,2.0,5.0,AGGAC,AACGG,0.0061
chr5_69228179,chr5,69228179.0,T,1.0,12.0,AGGTC,AATTT,0.0482
chr5_69579999,chr5,69579999.0,A,1.0,10.0,AGTGG,TTAAA,0.0299
chr5_71011230,chr5,71011230.0,A,1.0,10.0,GTCTC,GAAAG,0.0588
chr5_71501617,chr5,71501617.0,AG,2.0,5.0,ACTAC,AATCC,0.0054
chr5_71564694,chr5,71564694.0,TA,2.0,5.0,ACACA,AATGT,0.0095
chr5_72851125,chr5,72851125.0,A,1.0,10.0,AGTTT,CGCAG,0.0351
chr5_73082829,chr5,73082829.0,GT,2.0,5.0,GGTAA,CCTTT,0.0026
chr5_75354456,chr5,75354456.0,TC,2.0,5.0,TTTCA,TGACC,0.0106
chr5_87341347,chr5,87341347.0,A,1.0,10.0,AAATG,TCTAT,0.02
chr5_90681278,chr5,90681278.0,T,1.0,10.0,CATCA,CTATT,0.0358
chr5_90706403,chr5,90706403.0,T,1.0,12.0,AACTC,AATCT,0.0517
chr5_97003399,chr5,97003399.0,T,1.0,10.0,CTCAC,AATAG,0.0358
chr5_98901258,chr5,98901258.0,TC,2.0,5.0,GCTTT,TTCTT,0.0045
chr5_103195032,chr5,103195032.0,GT,2.0,5.0,AAGGG,TGAGT,0.0034
chr5_110667152,chr5,110667152.0,T,1.0,10.0,GTGAA,CAGTT,0.0285
chr5_119151887,chr5,119151887.0,T,1.0,10.0,TACAA,AATAC,0.0185
chr5_119244335,chr5,119244335.0,T,1.0,10.0,TTTTG,AATTT,0.039
chr5_126819007,chr5,126819007.0,AG,2.0,5.0,GACAA,ATGGC,0.0073
chr5_128171624,chr5,128171624.0,T,1.0,10.0,TGTGA,GGTTT,0.0325
chr5_129023604,chr5,129023604.0,T,1.0,11.0,TTTGA,GCAGC,0.0572
chr5_132588671,chr5,132588671.0,T,1.0,10.0,TGAGA,AAAAG,0.0236
chr5_138018865,chr5,138018865.0,A,1.0,11.0,ATATT,TTAAA,0.0326
chr5_138129166,chr5,138129166.0,A,1.0,10.0,CAAAT,TTCCC,0.0337
chr5_138129198,chr5,138129198.0,T,1.0,11.0,TCAGA,CATTT,0.0327
chr5_139495516,chr5,139495516.0,GT,2.0,5.0,GCAGA,GATGA,0.0075
chr5_140362578,chr5,140362578.0,TG,2.0,6.0,ATGCC,CACAC,0.0215
chr5_140362621,chr5,140362621.0,GT,2.0,6.0,TGTGA,GGACT,0.032
chr5_142894156,chr5,142894156.0,T,1.0,10.0,CGAGA,CTGAC,0.037
chr5_143222286,chr5,143222286.0,CA,2.0,5.0,CACCC,TCTGC,0.006
chr5_146055956,chr5,146055956.0,A,1.0,10.0,CTCTT,TTTTC,0.0281
chr5_146503941,chr5,146503941.0,GA,2.0,5.0,AGATC,GCAGC,0.0048
chr5_147370596,chr5,147370596.0,T,1.0,10.0,GGAAA,CTTTT,0.0367
chr5_148095938,chr5,148095938.0,TG,2.0,6.0,CAACT,GGGGG,0.0122
chr5_150203809,chr5,150203809.0,GT,2.0,5.0,ACCCC,GGTGT,0.022
chr5_150742086,chr5,150742086.0,CT,2.0,5.0,TCATC,TATGA,0.0037
chr5_153995047,chr5,153995047.0,AC,2.0,7.0,TTAAA,CCATA,0.0179
chr5_157211269,chr5,157211269.0,TG,2.0,5.0,AACTC,TCTCC,0.0091
chr5_176290103,chr5,176290103.0,AGC,3.0,6.0,GTAGG,AATCA,0.0077
chr5_177752932,chr5,177752932.0,A,1.0,17.0,CTTCC,TTGGC,0.0284
chr5_180280338,chr5,180280338.0,T,1.0,10.0,CAGAG,AATCA,0.0348
chr5_181236941,chr5,181236941.0,T,1.0,10.0,GCCAG,ATTTG,0.0289
chr5_181260610,chr5,181260610.0,TCC,3.0,5.0,CCTCG,CATTC,0.0174
chr6_656079,chr6,656079.0,A,1.0,10.0,ACCTT,TCTAA,0.0259
chr6_4937494,chr6,4937494.0,A,1.0,11.0,TCTCC,TGCTT,0.0543
chr6_7517872,chr6,7517872.0,T,1.0,13.0,ATCAA,CTGAG,0.0424
chr6_13620148,chr6,13620148.0,A,1.0,10.0,GGAAG,GAAAG,0.0485
chr6_24842768,chr6,24842768.0,T,1.0,10.0,CAGGA,AAATG,0.0226
chr6_26501370,chr6,26501370.0,TC,2.0,7.0,GTAAG,TGGGC,0.0238
chr6_28435764,chr6,28435764.0,A,1.0,10.0,GGCAT,TCCTC,0.0319
chr6_31678969,chr6,31678969.0,A,1.0,11.0,GCAGC,GACAG,0.0668
chr6_32117840,chr6,32117840.0,CT,2.0,6.0,GGGCC,CCTCA,0.0319
chr6_32852017,chr6,32852017.0,AG,2.0,6.0,GTGTG,CGGGG,0.0254
chr6_33398225,chr6,33398225.0,GA,2.0,5.0,GAAAG,GTATA,0.0093
chr6_35959381,chr6,35959381.0,T,1.0,10.0,TTTGA,AAGAA,0.0236
chr6_38845491,chr6,38845491.0,A,1.0,10.0,CAAGC,TTCTA,0.027
chr6_39958373,chr6,39958373.0,T,1.0,13.0,TAAAG,ATTTT,0.0918
chr6_41090123,chr6,41090123.0,T,1.0,11.0,AATAA,AAGGA,0.0324
chr6_41653430,chr6,41653430.0,CTG,3.0,5.0,TGCCT,TGGCT,0.0077
chr6_42642403,chr6,42642403.0,T,1.0,10.0,ATTAC,AGATT,0.0318
chr6_47716986,chr6,47716986.0,A,1.0,10.0,AAAAG,CACAC,0.0574
chr6_50828480,chr6,50828480.0,TAA,3.0,5.0,GGAGG,AACAG,0.011
chr6_51632546,chr6,51632546.0,A,1.0,10.0,AAAAT,CTACA,0.0346
chr6_52423882,chr6,52423882.0,T,1.0,10.0,GTTAG,ACCTA,0.0281
chr6_56276816,chr6,56276816.0,T,1.0,10.0,TTTTG,GAGAC,0.0634
chr6_56482187,chr6,56482187.0,CA,2.0,7.0,GAGTT,CCCCA,0.022
chr6_56607608,chr6,56607608.0,AC,2.0,5.0,TGGGA,TGGGT,0.0027
chr6_69879515,chr6,69879515.0,T,1.0,11.0,TCAAA,CTGTT,0.0352
chr6_69929745,chr6,69929745.0,A,1.0,10.0,TAAGT,TCTTA,0.0299
chr6_75867122,chr6,75867122.0,T,1.0,10.0,TTTAA,ACTAT,0.0233
chr6_80013228,chr6,80013228.0,T,1.0,10.0,GAAAA,CAAAT,0.0229
chr6_82205058,chr6,82205058.0,A,1.0,10.0,TAAGT,TTTGA,0.0237
chr6_83610506,chr6,83610506.0,A,1.0,10.0,AAGAT,GTTCC,0.0444
chr6_85490977,chr6,85490977.0,T,1.0,10.0,AATTA,AAATC,0.0336
chr6_88891919,chr6,88891919.0,A,1.0,10.0,CCTTT,TAAGA,0.0356
chr6_89367928,chr6,89367928.0,T,1.0,12.0,AGGAA,AACAA,0.0402
chr6_89629097,chr6,89629097.0,T,1.0,11.0,GTTTG,AAGAT,0.0464
chr6_89637675,chr6,89637675.0,A,1.0,11.0,AACTT,TTCAC,0.0284
chr6_89862103,chr6,89862103.0,T,1.0,10.0,TTAAC,ATTTC,0.0385
chr6_96207975,chr6,96207975.0,A,1.0,10.0,AACTG,TCATC,0.0269
chr6_97168031,chr6,97168031.0,T,1.0,10.0,CAATA,AAACT,0.0257
chr6_100655670,chr6,100655670.0,T,1.0,10.0,CTGAA,AATAA,0.0202
chr6_104958025,chr6,104958025.0,T,1.0,12.0,GGCAA,AATCT,0.04
chr6_107029991,chr6,107029991.0,T,1.0,11.0,GGGTG,GTCTA,0.0757
chr6_107099236,chr6,107099236.0,T,1.0,10.0,GGGCA,ACCTT,0.0312
chr6_110209051,chr6,110209051.0,T,1.0,10.0,CTCAG,AATTT,0.0252
chr6_110209063,chr6,110209063.0,T,1.0,10.0,TTTAA,GTTAA,0.0394
chr6_110229848,chr6,110229848.0,T,1.0,10.0,TTGGA,AATGT,0.0348
chr6_118632663,chr6,118632663.0,T,1.0,10.0,GAAGA,ACCTT,0.0256
chr6_122416181,chr6,122416181.0,T,1.0,10.0,ATTGA,GTTTT,0.0526
chr6_129475360,chr6,129475360.0,T,1.0,10.0,TTTTG,CCTCT,0.0505
chr6_129629261,chr6,129629261.0,TG,2.0,5.0,ATATA,CGTGT,0.0254
chr6_129629289,chr6,129629289.0,TG,2.0,5.0,GTATA,TATAT,0.0205
chr6_129641728,chr6,129641728.0,T,1.0,10.0,TTTAA,GTTCT,0.0367
chr6_130154766,chr6,130154766.0,TG,2.0,6.0,AAATA,TATAT,0.019
chr6_130154801,chr6,130154801.0,AT,2.0,5.0,TGTGT,AGAAT,0.0229
chr6_130183983,chr6,130183983.0,GA,2.0,9.0,AGAAT,CACCA,0.0195
chr6_131582814,chr6,131582814.0,AC,2.0,8.0,TCAAG,ATGCC,0.0278
chr6_132463932,chr6,132463932.0,AC,2.0,7.0,CACAA,ATACG,0.0335
chr6_135036397,chr6,135036397.0,A,1.0,10.0,TAGTT,TCAGT,0.0365
chr6_136845813,chr6,136845813.0,A,1.0,10.0,CTTTT,TTAAA,0.0237
chr6_137198367,chr6,137198367.0,CT,2.0,6.0,AAGAA,ATTGG,0.0095
chr6_137494238,chr6,137494238.0,A,1.0,12.0,GAATT,TCTGC,0.0582
chr6_138242926,chr6,138242926.0,TG,2.0,5.0,CTAAT,TATCT,0.0077
chr6_142438198,chr6,142438198.0,T,1.0,10.0,TGTCA,CAGAT,0.0323
chr6_142769460,chr6,142769460.0,T,1.0,10.0,TTGTA,AGGCC,0.0342
chr6_144846639,chr6,144846639.0,A,1.0,10.0,CCAGG,TGTGT,0.0404
chr6_146159642,chr6,146159642.0,AC,2.0,5.0,CTCTC,ATGCA,0.1008
chr6_154831918,chr6,154831918.0,CT,2.0,5.0,TTTTT,TTTTT,0.017
chr6_166240249,chr6,166240249.0,A,1.0,10.0,CAATT,GTTTG,0.0346
chr6_169781315,chr6,169781315.0,T,1.0,10.0,ATTAA,ACAGG,0.0245
chr7_11035752,chr7,11035752.0,AG,2.0,5.0,TTGCA,AAGCA,0.0092
chr7_15306571,chr7,15306571.0,A,1.0,12.0,TGTGT,GCATT,0.0412
chr7_18648452,chr7,18648452.0,T,1.0,10.0,ATGTA,CAGGT,0.0424
chr7_20140840,chr7,20140840.0,AC,2.0,6.0,CACAG,AGACA,0.2222
chr7_23611235,chr7,23611235.0,T,1.0,10.0,TTTTC,CAAGT,0.0546
chr7_23790974,chr7,23790974.0,AT,2.0,7.0,AGATC,TTCAG,0.0177
chr7_34078725,chr7,34078725.0,T,1.0,10.0,ACCAC,AAGTT,0.0391
chr7_34153372,chr7,34153372.0,AC,2.0,6.0,TGTAA,AGAGT,0.0137
chr7_44799325,chr7,44799325.0,TG,2.0,7.0,CAGTT,TATAT,0.0267
chr7_44972278,chr7,44972278.0,AC,2.0,5.0,CCTGT,AGGCA,0.0139
chr7_57822567,chr7,57822567.0,TG,2.0,6.0,CGGTT,TCCAT,0.0137
chr7_64583313,chr7,64583313.0,G,1.0,10.0,CCGAT,AGGAA,0.0353
chr7_74824891,chr7,74824891.0,A,1.0,13.0,ATCTC,TAGAA,0.0462
chr7_75193019,chr7,75193019.0,T,1.0,13.0,ACTGC,ATGGT,0.0301
chr7_78501484,chr7,78501484.0,T,1.0,15.0,TTTTC,CCACG,0.1412
chr7_87375971,chr7,87375971.0,T,1.0,11.0,TTCTC,ATTGC,0.0418
chr7_87693893,chr7,87693893.0,T,1.0,10.0,TGTTA,AAAGA,0.0322
chr7_88130273,chr7,88130273.0,T,1.0,14.0,AAAGA,ACATT,0.0548
chr7_90352802,chr7,90352802.0,T,1.0,10.0,TTCTC,AAGTA,0.0391
chr7_90917836,chr7,90917836.0,T,1.0,10.0,GGTAA,CTGAA,0.0302
chr7_92102490,chr7,92102490.0,CAC,3.0,5.0,ACTAC,TACTT,0.0437
chr7_93303612,chr7,93303612.0,A,1.0,10.0,TTTTG,TCCAG,0.0255
chr7_99040284,chr7,99040284.0,AC,2.0,5.0,AAAAT,GCGCG,0.1501
chr7_100075026,chr7,100075026.0,A,1.0,10.0,ACCTC,TCTGC,0.0349
chr7_100614763,chr7,100614763.0,A,1.0,11.0,TAATT,GTAGA,0.0455
chr7_100684062,chr7,100684062.0,GCT,3.0,6.0,CGTGA,GTGGC,0.0115
chr7_100807648,chr7,100807648.0,T,1.0,10.0,ACATC,AGAGA,0.0436
chr7_102761542,chr7,102761542.0,A,1.0,11.0,TTTTT,CCATA,0.0841
chr7_103304365,chr7,103304365.0,T,1.0,10.0,ATCTG,GGTTT,0.0405
chr7_103565554,chr7,103565554.0,A,1.0,11.0,TCCTG,TGTGT,0.0381
chr7_105876282,chr7,105876282.0,CT,2.0,5.0,GGCCA,CACAC,0.0138
chr7_107258451,chr7,107258451.0,AC,2.0,5.0,CTCTC,ATACA,0.0283
chr7_107773861,chr7,107773861.0,T,1.0,10.0,TACAA,AACCT,0.0217
chr7_108150602,chr7,108150602.0,T,1.0,10.0,GTGGA,CTGAG,0.0268
chr7_118227906,chr7,118227906.0,T,1.0,14.0,ATGTC,AACAA,0.0721
chr7_122092724,chr7,122092724.0,A,1.0,12.0,GTCTC,TCTTT,0.0577
chr7_128615778,chr7,128615778.0,T,1.0,10.0,AATGA,CTCTC,0.0062
chr7_128759653,chr7,128759653.0,CATA,4.0,6.0,ACATG,CATGT,0.0287
chr7_128991925,chr7,128991925.0,A,1.0,10.0,ATAAG,TAGTG,0.0372
chr7_131428997,chr7,131428997.0,T,1.0,10.0,TGTCC,ACACA,0.0481
chr7_134579481,chr7,134579481.0,T,1.0,11.0,GTTTC,CTCTC,0.0573
chr7_135398300,chr7,135398300.0,A,1.0,10.0,AAAAG,CAGAC,0.0524
chr7_135691161,chr7,135691161.0,A,1.0,11.0,GTCTC,CCCCA,0.0565
chr7_150466846,chr7,150466846.0,AG,2.0,5.0,GTGCC,TTGGG,0.0048
chr7_150802113,chr7,150802113.0,CT,2.0,5.0,TTTCT,ACCTC,0.0304
chr7_152182508,chr7,152182508.0,TGC,3.0,5.0,GTTGT,TCATT,0.0056
chr7_152205071,chr7,152205071.0,A,1.0,10.0,ACATT,TTTTT,0.0172
chr7_154954200,chr7,154954200.0,A,1.0,10.0,TCAAG,GTTTA,0.0377
chr7_157574513,chr7,157574513.0,GA,2.0,11.0,ATAAT,GTTTT,0.12
chr8_244596,chr8,244596.0,T,1.0,10.0,GCATC,CATTT,0.0366
chr8_13100101,chr8,13100101.0,GCT,3.0,5.0,GACTG,GGTCT,0.012
chr8_18067187,chr8,18067187.0,T,1.0,10.0,ATTAC,AAAGC,0.0461
chr8_18371064,chr8,18371064.0,GA,2.0,5.0,TGCTT,GTGGA,0.0073
chr8_20174306,chr8,20174306.0,TG,2.0,6.0,AGAGA,CATGC,0.0137
chr8_20178507,chr8,20178507.0,A,1.0,11.0,AATTG,GATAC,0.0572
chr8_25429738,chr8,25429738.0,T,1.0,10.0,AAATG,AAATT,0.0252
chr8_30105682,chr8,30105682.0,T,1.0,11.0,CTTGA,ATTTT,0.041
chr8_37749659,chr8,37749659.0,CT,2.0,5.0,AGCCC,GACAC,0.0081
chr8_37934177,chr8,37934177.0,TC,2.0,5.0,GCCTT,TTTCT,0.0111
chr8_42349989,chr8,42349989.0,T,1.0,10.0,TAGAC,CTTAA,0.0428
chr8_46591274,chr8,46591274.0,T,1.0,10.0,CTTTA,GGTGT,0.0482
chr8_51372094,chr8,51372094.0,A,1.0,10.0,CAACC,CATTG,0.0292
chr8_52539799,chr8,52539799.0,A,1.0,13.0,TAATT,CCCAC,0.0549
chr8_52645894,chr8,52645894.0,A,1.0,10.0,AAATT,TTACA,0.0219
chr8_67161738,chr8,67161738.0,GT,2.0,7.0,AAGGG,ATATA,0.023
chr8_69627426,chr8,69627426.0,A,1.0,11.0,AATAC,GTTAT,0.0856
chr8_73978692,chr8,73978692.0,A,1.0,11.0,GTCTC,CTTAA,0.0531
chr8_75551306,chr8,75551306.0,A,1.0,10.0,TACTT,CTCCT,0.0359
chr8_88485892,chr8,88485892.0,A,1.0,10.0,CTATG,CAGGG,0.0403
chr8_94882667,chr8,94882667.0,T,1.0,10.0,GCTAA,GCCAA,0.0444
chr8_102621216,chr8,102621216.0,AG,2.0,8.0,GCATT,TGTGT,0.031
chr8_106692693,chr8,106692693.0,T,1.0,10.0,TCTGC,CTTTC,0.0441
chr8_108228149,chr8,108228149.0,A,1.0,11.0,TGAAG,CAGGT,0.0507
chr8_119568306,chr8,119568306.0,A,1.0,10.0,CAGTT,GGGAG,0.0204
chr8_123359772,chr8,123359772.0,A,1.0,10.0,AAGTT,TCTAA,0.0226
chr8_125003158,chr8,125003158.0,T,1.0,11.0,TTACC,AAACA,0.0543
chr8_127086250,chr8,127086250.0,A,1.0,10.0,TTCTT,GTCCT,0.0352
chr8_130188052,chr8,130188052.0,A,1.0,10.0,AGAGG,TTAAT,0.0301
chr8_144139136,chr8,144139136.0,AC,2.0,5.0,CCCCA,ATGAG,0.0076
chr9_5073681,chr9,5073681.0,T,1.0,10.0,TGTAC,CCTTA,0.0502
chr9_15623464,chr9,15623464.0,GC,2.0,6.0,CATAT,ACACA,0.0286
chr9_16421331,chr9,16421331.0,AG,2.0,5.0,GAGAC,AAAGA,0.0274
chr9_16727765,chr9,16727765.0,A,1.0,10.0,AAAAG,TCAAG,0.0519
chr9_19328011,chr9,19328011.0,T,1.0,11.0,TTCTA,ATTTT,0.0448
chr9_19350681,chr9,19350681.0,T,1.0,11.0,TGGAA,CAATT,0.0364
chr9_21351091,chr9,21351091.0,TG,2.0,5.0,AGTTT,TTTGT,0.0231
chr9_33887001,chr9,33887001.0,T,1.0,11.0,GAAGA,AAATC,0.0352
chr9_34017017,chr9,34017017.0,A,1.0,13.0,AAAGG,GAGTT,0.0645
chr9_34088275,chr9,34088275.0,A,1.0,10.0,TTAGG,TCAAA,0.0346
chr9_67726272,chr9,67726272.0,AC,2.0,5.0,CAGAG,AGCGT,0.0057
chr9_76641890,chr9,76641890.0,AC,2.0,7.0,AACAT,CAGCC,0.0259
chr9_77319698,chr9,77319698.0,TA,2.0,7.0,GTGTG,TGTAT,0.047
chr9_85756050,chr9,85756050.0,T,1.0,10.0,AGTAA,AATTT,0.0169
chr9_94178817,chr9,94178817.0,A,1.0,10.0,GCAAG,TGGGT,0.0384
chr9_95413200,chr9,95413200.0,A,1.0,10.0,ATATG,TCCAG,0.0311
chr9_96911131,chr9,96911131.0,A,1.0,13.0,GGAGG,CTTGT,0.008
chr9_105365386,chr9,105365386.0,T,1.0,10.0,GCTGA,CACTG,0.0345
chr9_107485941,chr9,107485941.0,A,1.0,10.0,AAAAG,TTGAC,0.0522
chr9_111705423,chr9,111705423.0,T,1.0,11.0,TTCTC,ACTAA,0.0626
chr9_113483003,chr9,113483003.0,TG,2.0,6.0,CTCGC,TATGT,0.0301
chr9_121123912,chr9,121123912.0,T,1.0,11.0,GTTGA,AATTC,0.0368
chr9_121183214,chr9,121183214.0,A,1.0,10.0,CATTT,TGCAA,0.0287
chr9_124414010,chr9,124414010.0,A,1.0,10.0,CTATT,GTTTT,0.0324
chr9_125568917,chr9,125568917.0,A,1.0,10.0,GGTTT,TCAGC,0.0298
chr9_128591393,chr9,128591393.0,GT,2.0,5.0,CTCTC,ATACA,0.0068
chr9_130083501,chr9,130083501.0,AT,2.0,5.0,CTGTA,GTATC,0.0045
chr9_130083652,chr9,130083652.0,GT,2.0,5.0,TGTAC,TATAT,0.0054
chr9_130083670,chr9,130083670.0,TG,2.0,6.0,ATGCA,TATTG,0.0352
chr9_131133004,chr9,131133004.0,T,1.0,10.0,TTTGA,ATCCA,0.0264
chr10_26751694,chr10,26751694.0,TGG,3.0,5.0,TCCAC,GGGAG,0.0116
chr10_27022459,chr10,27022459.0,A,1.0,11.0,AAGTT,TCTTT,0.0328
chr10_29499099,chr10,29499099.0,AC,2.0,6.0,CATGG,TGACC,0.0129
chr10_30685415,chr10,30685415.0,TG,2.0,6.0,TCAGT,CCTGT,0.0146
chr10_32040554,chr10,32040554.0,A,1.0,10.0,AGGTT,TTACT,0.0266
chr10_34696269,chr10,34696269.0,A,1.0,12.0,TCCTC,TGCAT,0.0534
chr10_38358535,chr10,38358535.0,T,1.0,10.0,ATGGA,CTCGT,0.0277
chr10_38688742,chr10,38688742.0,AC,2.0,8.0,TCTGT,GCAGT,0.0294
chr10_45651947,chr10,45651947.0,AT,2.0,6.0,CTTTA,GCCTA,0.0105
chr10_45743233,chr10,45743233.0,T,1.0,10.0,AAGAA,AACTT,0.0189
chr10_45744598,chr10,45744598.0,T,1.0,10.0,GCAAG,ATTTG,0.004
chr10_48174737,chr10,48174737.0,A,1.0,10.0,AAGAG,CTAAC,0.0216
chr10_48187219,chr10,48187219.0,AG,2.0,5.0,GGTCC,TCCCA,0.0025
chr10_54132840,chr10,54132840.0,AC,2.0,11.0,TTTAT,CAAGG,0.05
chr10_67909142,chr10,67909142.0,T,1.0,10.0,TTTTG,AATAA,0.0259
chr10_68174035,chr10,68174035.0,TC,2.0,5.0,TTCCT,CACCC,0.0041
chr10_68936840,chr10,68936840.0,A,1.0,12.0,ATCTC,TTACT,0.0613
chr10_69202393,chr10,69202393.0,A,1.0,12.0,TTTTG,TCAGC,0.0524
chr10_75552413,chr10,75552413.0,T,1.0,12.0,CTGTG,CCCCC,0.0793
chr10_87754900,chr10,87754900.0,A,1.0,10.0,GTGGT,TTTTG,0.0166
chr10_91819246,chr10,91819246.0,T,1.0,12.0,TATAC,CTAAT,0.0441
chr10_91836896,chr10,91836896.0,TC,2.0,7.0,ACTCT,TTTTT,0.0234
chr10_91989138,chr10,91989138.0,T,1.0,10.0,ATTTC,AATAG,0.035
chr10_92011161,chr10,92011161.0,T,1.0,10.0,ATTAA,AGAAA,0.0193
chr10_92606590,chr10,92606590.0,T,1.0,13.0,GTTGA,AATTT,0.0398
chr10_93209562,chr10,93209562.0,TCT,3.0,6.0,GGTTC,GCTTC,0.0407
chr10_94558081,chr10,94558081.0,T,1.0,10.0,ATGCG,AAATG,0.0281
chr10_97358408,chr10,97358408.0,A,1.0,10.0,ATGTT,GCTGG,0.0298
chr10_103094247,chr10,103094247.0,A,1.0,12.0,TAATT,TTCCT,0.0441
chr10_110117229,chr10,110117229.0,T,1.0,10.0,GTTGG,CCTGA,0.0439
chr10_110577279,chr10,110577279.0,GT,2.0,6.0,GATTA,ATATA,0.0183
chr10_111011593,chr10,111011593.0,T,1.0,10.0,ATTGA,AAACA,0.0265
chr10_113848892,chr10,113848892.0,AC,2.0,8.0,CTCAT,AATGG,0.0264
chr10_114210521,chr10,114210521.0,T,1.0,10.0,CATAA,ACTTT,0.0248
chr10_114848591,chr10,114848591.0,T,1.0,10.0,TTTCC,CATGC,0.0455
chr10_116683771,chr10,116683771.0,AG,2.0,5.0,GGGGG,CAGAG,0.0212
chr10_116940425,chr10,116940425.0,TG,2.0,5.0,ATGTA,TACCT,0.0091
chr10_119919429,chr10,119919429.0,T,1.0,10.0,CATAC,AAAGA,0.0378
chr10_119926184,chr10,119926184.0,TG,2.0,5.0,TCTTC,AATTA,0.0017
chr10_122237364,chr10,122237364.0,T,1.0,10.0,AACTG,AATTA,0.0343
chr10_123040348,chr10,123040348.0,A,1.0,10.0,GTCTC,TAATA,0.0546
chr10_124984991,chr10,124984991.0,A,1.0,10.0,GAATG,TCAAA,0.0278
chr10_125838166,chr10,125838166.0,A,1.0,10.0,GAATT,TACAA,0.035
chr10_126981897,chr10,126981897.0,T,1.0,10.0,TACTG,CCTCC,0.0438
chr10_127343527,chr10,127343527.0,T,1.0,10.0,GTGGG,AACTT,0.0306
chr11_16186644,chr11,16186644.0,T,1.0,10.0,CTTTG,CCATC,0.04
chr11_19879928,chr11,19879928.0,AGC,3.0,6.0,ATACA,CCCAG,0.0103
chr11_28296654,chr11,28296654.0,TG,2.0,5.0,GAGTA,TCTGA,0.0066
chr11_35265453,chr11,35265453.0,T,1.0,13.0,TACGG,AAAGA,0.0619
chr11_43391596,chr11,43391596.0,T,1.0,13.0,TAGGA,GCGTT,0.027
chr11_46645322,chr11,46645322.0,T,1.0,10.0,TTGTG,CTTTA,0.0467
chr11_47155143,chr11,47155143.0,TC,2.0,5.0,CCCAT,AGATT,0.003
chr11_48146719,chr11,48146719.0,TG,2.0,6.0,TCCCT,CGCCT,0.014
chr11_49119742,chr11,49119742.0,AG,2.0,5.0,TATAA,GATTG,0.0037
chr11_49835779,chr11,49835779.0,A,1.0,13.0,ACTGT,TAGGC,0.0401
chr11_49862420,chr11,49862420.0,T,1.0,12.0,AGCAA,CAGAA,0.0659
chr11_62597206,chr11,62597206.0,A,1.0,10.0,CAAAC,CACTC,0.1106
chr11_71791752,chr11,71791752.0,TG,2.0,5.0,CATCC,AAGCA,0.0048
chr11_72824126,chr11,72824126.0,GT,2.0,5.0,AGTAA,GCCTG,0.0076
chr11_74095154,chr11,74095154.0,A,1.0,10.0,CTCAG,CTCTT,0.0329
chr11_77019797,chr11,77019797.0,TG,2.0,5.0,GGTCC,TTGGG,0.0086
chr11_77625630,chr11,77625630.0,GT,2.0,8.0,GAGAG,ATGTG,0.0313
chr11_89858492,chr11,89858492.0,T,1.0,14.0,TTCTA,ACAGG,0.0149
chr11_90071124,chr11,90071124.0,TC,2.0,8.0,CGTTT,TACAG,0.0202
chr11_94496953,chr11,94496953.0,A,1.0,11.0,CGGGT,TTACA,0.0441
chr11_94548247,chr11,94548247.0,T,1.0,13.0,TTGCA,GAGAC,0.0439
chr11_95829371,chr11,95829371.0,A,1.0,10.0,TTAAG,CACTT,0.0318
chr11_106058742,chr11,106058742.0,T,1.0,11.0,TTTTG,AGAAT,0.0544
chr11_108197213,chr11,108197213.0,T,1.0,10.0,TTCAA,CTGAT,0.0266
chr11_108393091,chr11,108393091.0,T,1.0,10.0,TCGGG,CTTTG,0.0384
chr11_108917907,chr11,108917907.0,TGA,3.0,8.0,TGGAG,TGGAT,0.0164
chr11_113817635,chr11,113817635.0,A,1.0,10.0,CCATT,TGTTT,0.0307
chr11_117914312,chr11,117914312.0,AC,2.0,5.0,TGCAT,ATATA,0.0154
chr11_118196672,chr11,118196672.0,CCA,3.0,5.0,CACGC,CCTGA,0.0151
chr11_118909875,chr11,118909875.0,CA,2.0,6.0,CACTC,TCCCA,0.016
chr11_119018675,chr11,119018675.0,GGA,3.0,8.0,GCGCG,GGCTG,0.0088
chr11_125411869,chr11,125411869.0,GT,2.0,5.0,GGTGA,CTTGG,0.0032
chr11_129937511,chr11,129937511.0,A,1.0,10.0,GAGAC,TTAGA,0.0482
chr11_134202909,chr11,134202909.0,A,1.0,10.0,GCTTT,TTACA,0.0229
chr11_134204823,chr11,134204823.0,CA,2.0,9.0,ACACT,TTTAT,0.0329
chr12_4536153,chr12,4536153.0,TC,2.0,5.0,CAAAT,TATTG,0.005
chr12_4813125,chr12,4813125.0,T,1.0,10.0,GATAA,AAAAA,0.031
chr12_8655386,chr12,8655386.0,T,1.0,10.0,TGCCA,AACTG,0.0293
chr12_8868444,chr12,8868444.0,TG,2.0,5.0,GTGTA,TACGT,0.0139
chr12_10709828,chr12,10709828.0,GGA,3.0,5.0,ATGTT,AGAGG,0.0149
chr12_14796786,chr12,14796786.0,A,1.0,10.0,CTCTC,CCTTG,0.038
chr12_15586719,chr12,15586719.0,T,1.0,10.0,CGTGG,CAATA,0.037
chr12_18381738,chr12,18381738.0,TG,2.0,7.0,CTGTC,TTGTC,0.0231
chr12_19943107,chr12,19943107.0,A,1.0,10.0,CTGTT,TTCAG,0.024
chr12_25526061,chr12,25526061.0,A,1.0,12.0,TATTT,CGATT,0.0441
chr12_27385343,chr12,27385343.0,A,1.0,10.0,AAATG,TGATT,0.0414
chr12_28257160,chr12,28257160.0,TG,2.0,5.0,ATGAC,CGGGC,0.0021
chr12_29341335,chr12,29341335.0,TC,2.0,7.0,CTATT,CCCCT,0.0263
chr12_31433046,chr12,31433046.0,T,1.0,10.0,AACAG,AAAGA,0.0248
chr12_31478017,chr12,31478017.0,T,1.0,10.0,ATGGA,ATCTA,0.0238
chr12_37418687,chr12,37418687.0,AC,2.0,5.0,CACAG,AGACA,0.0224
chr12_39322614,chr12,39322614.0,T,1.0,10.0,CATAC,AAAGC,0.0405
chr12_42335866,chr12,42335866.0,T,1.0,10.0,AATTC,CTTTA,0.0455
chr12_43427532,chr12,43427532.0,A,1.0,12.0,ATGGT,TCAGC,0.0529
chr12_43492379,chr12,43492379.0,A,1.0,10.0,GTCTC,GAAAA,0.0532
chr12_47994484,chr12,47994484.0,GA,2.0,6.0,GAAGG,TATCC,0.016
chr12_48698189,chr12,48698189.0,A,1.0,13.0,TAAAG,GTCAG,0.0462
chr12_51496963,chr12,51496963.0,T,1.0,10.0,TTCAC,AATTT,0.0304
chr12_53077041,chr12,53077041.0,A,1.0,12.0,AAGTT,CCCTT,0.052
chr12_54534997,chr12,54534997.0,A,1.0,10.0,TCTTT,TTAAA,0.0253
chr12_55221329,chr12,55221329.0,CTT,3.0,5.0,ATGTA,TGGCA,0.0052
chr12_56106718,chr12,56106718.0,A,1.0,12.0,AAGGT,TCCCT,0.0469
chr12_62578430,chr12,62578430.0,T,1.0,12.0,AAGTG,AGCAT,0.0548
chr12_63661567,chr12,63661567.0,A,1.0,12.0,TTCTG,GGTTA,0.036
chr12_64331035,chr12,64331035.0,A,1.0,10.0,GACTT,TAGTT,0.0317
chr12_70556193,chr12,70556193.0,T,1.0,11.0,GAGAA,CAGCT,0.0289
chr12_72657128,chr12,72657128.0,CA,2.0,8.0,CACAC,CGTTA,0.0408
chr12_75298666,chr12,75298666.0,CA,2.0,6.0,GTGTG,CCACT,0.0168
chr12_76067477,chr12,76067477.0,A,1.0,10.0,GCTTT,GGGCA,0.0351
chr12_77940987,chr12,77940987.0,T,1.0,10.0,TGGTA,CCTGT,0.0451
chr12_78200625,chr12,78200625.0,A,1.0,11.0,TTTTT,GCAAA,0.0369
chr12_80811410,chr12,80811410.0,GT,2.0,5.0,TATAT,ATATA,0.08
chr12_80811420,chr12,80811420.0,AT,2.0,7.0,TGTGT,ACTCC,0.0474
chr12_85160515,chr12,85160515.0,T,1.0,10.0,GTGGA,ACTAC,0.0249
chr12_88080413,chr12,88080413.0,TG,2.0,6.0,ACATA,TTTTT,0.0111
chr12_89621802,chr12,89621802.0,A,1.0,12.0,TGACC,CTAGT,0.0431
chr12_95059865,chr12,95059865.0,T,1.0,10.0,GGTTA,CTGTT,0.0393
chr12_95062458,chr12,95062458.0,T,1.0,10.0,TAAAA,ATATA,0.0521
chr12_95936302,chr12,95936302.0,T,1.0,10.0,GAAGA,GAATT,0.0431
chr12_96909916,chr12,96909916.0,CA,2.0,9.0,AAAAA,AACCG,0.0244
chr12_98662438,chr12,98662438.0,T,1.0,10.0,TAATA,AAATT,0.0279
chr12_98665538,chr12,98665538.0,T,1.0,10.0,CTTCA,AAAGG,0.03
chr12_100412633,chr12,100412633.0,A,1.0,10.0,AAAGT,CATAG,0.0326
chr12_100600365,chr12,100600365.0,T,1.0,10.0,ATTGA,CTTTA,0.0393
chr12_104988039,chr12,104988039.0,A,1.0,10.0,CCTTT,TTTTG,0.0271
chr12_105146544,chr12,105146544.0,T,1.0,12.0,ATAAA,AATGT,0.0339
chr12_111658636,chr12,111658636.0,A,1.0,10.0,ACTTT,TGTAC,0.0371
chr12_112907194,chr12,112907194.0,TG,2.0,5.0,TACCC,TCCAA,0.0073
chr12_113207347,chr12,113207347.0,A,1.0,10.0,ATCTT,TCAAT,0.0277
chr12_113920692,chr12,113920692.0,GA,2.0,5.0,CTCCT,GGTGG,0.0131
chr12_113947257,chr12,113947257.0,AC,2.0,8.0,CACAT,CAGCC,0.0429
chr12_117243098,chr12,117243098.0,AG,2.0,6.0,TTACT,GGAAA,0.0185
chr12_122216454,chr12,122216454.0,A,1.0,10.0,AAATT,CCCAA,0.0254
chr12_122582622,chr12,122582622.0,A,1.0,10.0,TTATG,CTAAT,0.0365
chr13_19187106,chr13,19187106.0,T,1.0,10.0,TGTGA,CAGCA,0.0382
chr13_19703138,chr13,19703138.0,T,1.0,10.0,CTGAC,CTAGA,0.0102
chr13_21344638,chr13,21344638.0,CA,2.0,6.0,AACCC,AAGAC,0.0189
chr13_24936585,chr13,24936585.0,T,1.0,11.0,GAAAC,AATCT,0.0012
chr13_25554976,chr13,25554976.0,TC,2.0,6.0,CTTGT,AGGAC,0.0136
chr13_26385188,chr13,26385188.0,T,1.0,10.0,CATGA,ATTAT,0.0308
chr13_32319060,chr13,32319060.0,T,1.0,10.0,TGGGA,AAATA,0.0249
chr13_35628007,chr13,35628007.0,A,1.0,10.0,AAAGT,TAAAA,0.0319
chr13_49350729,chr13,49350729.0,A,1.0,10.0,GTTGG,TTACC,0.0369
chr13_50929424,chr13,50929424.0,TG,2.0,7.0,GTGTT,AAAAC,0.0335
chr13_75560724,chr13,75560724.0,T,1.0,10.0,CATTG,CTTTC,0.0433
chr13_77261385,chr13,77261385.0,A,1.0,11.0,GTATT,GGAAT,0.0282
chr13_79094037,chr13,79094037.0,A,1.0,10.0,GTAAT,GAAGC,0.0471
chr13_95860690,chr13,95860690.0,T,1.0,10.0,GGGAG,CCCAG,0.0455
chr13_99318098,chr13,99318098.0,TC,2.0,6.0,CCAAT,CTGTA,0.0095
chr13_100604954,chr13,100604954.0,CA,2.0,5.0,TCATG,CTCAA,0.006
chr14_21213077,chr14,21213077.0,AGG,3.0,5.0,GCAAT,TACAC,0.0084
chr14_21492266,chr14,21492266.0,T,1.0,11.0,TTTTG,AAAGT,0.0709
chr14_21524942,chr14,21524942.0,GAG,3.0,5.0,AGGAA,GAAGA,0.0209
chr14_22872317,chr14,22872317.0,CCT,3.0,6.0,GCCAC,TGGTA,0.0128
chr14_23431338,chr14,23431338.0,GA,2.0,6.0,GAGGG,GGTCA,0.0275
chr14_24416709,chr14,24416709.0,AC,2.0,5.0,GCCCT,GGCTG,0.016
chr14_26435048,chr14,26435048.0,T,1.0,10.0,TTAAA,CAGAC,0.0306
chr14_50118288,chr14,50118288.0,A,1.0,10.0,AAATT,CTTTA,0.0237
chr14_52750666,chr14,52750666.0,T,1.0,10.0,CCTGC,ATACA,0.0512
chr14_56605545,chr14,56605545.0,T,1.0,11.0,CTTAA,AATTT,0.0262
chr14_58215185,chr14,58215185.0,T,1.0,11.0,GTAAC,AATTT,0.0427
chr14_60118604,chr14,60118604.0,TG,2.0,5.0,CAGCC,CAGAT,0.0023
chr14_61745641,chr14,61745641.0,A,1.0,10.0,TGTTT,TTCAA,0.0221
chr14_64542804,chr14,64542804.0,TC,2.0,6.0,GCCTT,TTTTT,0.0141
chr14_67316767,chr14,67316767.0,A,1.0,10.0,TGATT,TTCTT,0.0245
chr14_67777858,chr14,67777858.0,T,1.0,11.0,ACTCC,AACCA,0.0476
chr14_71073525,chr14,71073525.0,CT,2.0,8.0,TAAAG,AAGGT,0.0222
chr14_73105898,chr14,73105898.0,AG,2.0,8.0,GGGAA,AACGA,0.0289
chr14_73186783,chr14,73186783.0,A,1.0,10.0,AAAAG,TCTGT,0.0494
chr14_73739222,chr14,73739222.0,CTG,3.0,8.0,GCTGC,TGGTT,0.0204
chr14_74049666,chr14,74049666.0,A,1.0,10.0,AAAAG,TCACC,0.0764
chr14_75651684,chr14,75651684.0,TC,2.0,6.0,TTTCT,CTGTG,0.0115
chr14_81498099,chr14,81498099.0,AG,2.0,5.0,GTTCC,AAGTA,0.0127
chr14_85621457,chr14,85621457.0,T,1.0,10.0,GTTTA,CTTTT,0.0586
chr14_91723204,chr14,91723204.0,A,1.0,11.0,GCAAG,CAACT,0.0769
chr14_93220419,chr14,93220419.0,TG,2.0,6.0,AATAC,AAAAT,0.0113
chr14_93597314,chr14,93597314.0,GT,2.0,5.0,TGTAG,ATTTA,0.0035
chr14_94060695,chr14,94060695.0,AC,2.0,9.0,CCTAA,GTACA,0.0253
chr14_96449895,chr14,96449895.0,T,1.0,13.0,CGGTG,AACTA,0.0516
chr14_96875997,chr14,96875997.0,TC,2.0,7.0,AGATA,TTTAA,0.0177
chr14_101039821,chr14,101039821.0,C,1.0,10.0,AAAGT,ACTCC,0.0331
chr14_104049590,chr14,104049590.0,T,1.0,10.0,ATTTC,AAATT,0.0359
chr15_22279010,chr15,22279010.0,GA,2.0,6.0,GGACT,AAAGA,0.008
chr15_27871788,chr15,27871788.0,T,1.0,11.0,AGTGC,AATTT,0.0443
chr15_28142741,chr15,28142741.0,AC,2.0,5.0,CTAAA,TGCAC,0.0026
chr15_28246598,chr15,28246598.0,A,1.0,12.0,TAACT,CAAAG,0.0629
chr15_30372451,chr15,30372451.0,A,1.0,12.0,GTGCT,GGGGG,0.0294
chr15_30383390,chr15,30383390.0,A,1.0,13.0,TGGTT,CTTTT,0.0069
chr15_30910592,chr15,30910592.0,T,1.0,10.0,AAAAC,AACCA,0.03
chr15_30961018,chr15,30961018.0,CCT,3.0,7.0,CATTA,CCATC,0.0119
chr15_32635758,chr15,32635758.0,T,1.0,10.0,AAAAC,CTGTA,0.0386
chr15_33623763,chr15,33623763.0,T,1.0,10.0,CATTG,AACCT,0.0327
chr15_33773457,chr15,33773457.0,T,1.0,10.0,ATGCA,CCTCT,0.0662
chr15_34236348,chr15,34236348.0,T,1.0,10.0,ATCCC,GGTTT,0.0544
chr15_36896504,chr15,36896504.0,A,1.0,11.0,ACATT,TCCAG,0.0336
chr15_37093764,chr15,37093764.0,TGT,3.0,6.0,GCTCA,TTTGT,0.0323
chr15_40767872,chr15,40767872.0,A,1.0,14.0,ATCTT,TTTAT,0.057
chr15_43492237,chr15,43492237.0,A,1.0,11.0,GGTTT,TCTGC,0.0397
chr15_45606377,chr15,45606377.0,T,1.0,10.0,TTAAA,AACAC,0.024
chr15_49016441,chr15,49016441.0,AC,2.0,7.0,TATAT,ATATA,0.1201
chr15_51893764,chr15,51893764.0,A,1.0,13.0,GTCTC,TGGTA,0.0588
chr15_51908933,chr15,51908933.0,T,1.0,10.0,ATGCA,AGTTG,0.049
chr15_52248606,chr15,52248606.0,CT,2.0,8.0,ACACA,CCTTA,0.0327
chr15_55385567,chr15,55385567.0,A,1.0,10.0,ATATT,TTAGA,0.0243
chr15_56428351,chr15,56428351.0,T,1.0,10.0,ATTGA,AACAG,0.0293
chr15_57253240,chr15,57253240.0,T,1.0,10.0,CCATG,AATCC,0.0326
chr15_57452160,chr15,57452160.0,AG,2.0,6.0,AAAGA,GATGA,0.0119
chr15_58643815,chr15,58643815.0,TG,2.0,6.0,GCTTT,TAAAC,0.0165
chr15_64976431,chr15,64976431.0,A,1.0,10.0,AAAAT,TTGTA,0.0306
chr15_68695111,chr15,68695111.0,TC,2.0,7.0,CTCCT,TTTCT,0.0456
chr15_73116872,chr15,73116872.0,T,1.0,11.0,AGTGA,GCATT,0.0338
chr15_73253363,chr15,73253363.0,A,1.0,10.0,TGATT,TTTTT,0.0433
chr15_78270472,chr15,78270472.0,TC,2.0,8.0,AAAAA,TTTTA,0.0227
chr15_83773488,chr15,83773488.0,T,1.0,10.0,TGTGG,GTTTG,0.0504
chr15_88127047,chr15,88127047.0,T,1.0,10.0,ATTAC,CAAAG,0.0395
chr15_90456119,chr15,90456119.0,A,1.0,10.0,ATTAG,CTTTC,0.0353
chr15_91007005,chr15,91007005.0,TCC,3.0,5.0,CGCCA,AGGTT,0.0066
chr16_4113682,chr16,4113682.0,T,1.0,10.0,GAAGC,AATTT,0.0295
chr16_13234957,chr16,13234957.0,CT,2.0,15.0,TCTAA,TCTCT,0.0386
chr16_14218703,chr16,14218703.0,T,1.0,10.0,TTCAA,AAGCA,0.0274
chr16_14644259,chr16,14644259.0,T,1.0,10.0,CTCTG,CTAGA,0.0405
chr16_14648364,chr16,14648364.0,T,1.0,10.0,CTTAA,CTATT,0.0293
chr16_14997732,chr16,14997732.0,T,1.0,11.0,CTTTC,GTTTC,0.0453
chr16_15039926,chr16,15039926.0,T,1.0,11.0,ATGCC,AACCC,0.0514
chr16_21752281,chr16,21752281.0,TG,2.0,11.0,GTGTA,TTTGT,0.0587
chr16_21890739,chr16,21890739.0,A,1.0,13.0,AATAG,CAGAG,0.0438
chr16_21980490,chr16,21980490.0,A,1.0,10.0,CTCAG,TAATT,0.0356
chr16_23634820,chr16,23634820.0,TCA,3.0,8.0,AACTT,AACAC,0.0122
chr16_25161210,chr16,25161210.0,T,1.0,11.0,TGAGA,AAACC,0.0455
chr16_31188289,chr16,31188289.0,T,1.0,10.0,TTTTG,GTTCT,0.065
chr16_32605551,chr16,32605551.0,AG,2.0,6.0,AAGAA,AAATA,0.0085
chr16_47760688,chr16,47760688.0,A,1.0,10.0,AACTG,CTCAC,0.0366
chr16_56671043,chr16,56671043.0,T,1.0,10.0,CAGGA,CTACA,0.0328
chr16_58523305,chr16,58523305.0,A,1.0,10.0,AGAGG,GATGA,0.0393
chr16_70234150,chr16,70234150.0,A,1.0,12.0,AATAG,CAGAG,0.0458
chr16_70657150,chr16,70657150.0,GT,2.0,6.0,GTGGG,GCACA,0.0257
chr16_70680908,chr16,70680908.0,G,1.0,10.0,TGGGC,CCTCT,0.0375
chr16_71384705,chr16,71384705.0,AC,2.0,6.0,CATAA,AAACG,0.015
chr16_75293833,chr16,75293833.0,A,1.0,10.0,TGTAG,GACCT,0.0465
chr16_89716372,chr16,89716372.0,A,1.0,10.0,AAAAC,TCGCT,0.0527
chr17_4087340,chr17,4087340.0,A,1.0,10.0,GAAGT,TTAGG,0.038
chr17_4149798,chr17,4149798.0,A,1.0,10.0,GTCTC,GAAAA,0.0593
chr17_7403019,chr17,7403019.0,A,1.0,10.0,TCTTT,CTGCC,0.0341
chr17_8569824,chr17,8569824.0,AC,2.0,5.0,ACATT,AAATA,0.0103
chr17_8755624,chr17,8755624.0,AG,2.0,5.0,GGAGT,AAAGG,0.0087
chr17_10323965,chr17,10323965.0,AG,2.0,6.0,CTTAC,TGAAG,0.0119
chr17_12990009,chr17,12990009.0,CT,2.0,5.0,ACCAC,GCCGC,0.0098
chr17_16432175,chr17,16432175.0,TGC,3.0,5.0,CATGG,TGGCC,0.0174
chr17_20513535,chr17,20513535.0,A,1.0,11.0,GAAAG,CAGAG,0.0123
chr17_31042444,chr17,31042444.0,CCA,3.0,5.0,CCTCT,CACAC,0.0131
chr17_31201307,chr17,31201307.0,T,1.0,10.0,TAGTG,AAACT,0.0291
chr17_31940560,chr17,31940560.0,A,1.0,11.0,AAATT,CGAAC,0.0458
chr17_31993841,chr17,31993841.0,T,1.0,11.0,TTTGC,AATTG,0.0508
chr17_31994538,chr17,31994538.0,T,1.0,10.0,TATAT,ACATT,0.0459
chr17_32027569,chr17,32027569.0,TG,2.0,6.0,TTGCC,GTGGT,0.0273
chr17_32049943,chr17,32049943.0,TC,2.0,5.0,TCCAT,TTTTT,0.0076
chr17_32211031,chr17,32211031.0,T,1.0,10.0,AAGTC,AAGTT,0.0317
chr17_32298028,chr17,32298028.0,TGAA,4.0,7.0,TTTGT,TAGAT,0.0122
chr17_32360580,chr17,32360580.0,T,1.0,12.0,AATAA,AACAG,0.0408
chr17_33112079,chr17,33112079.0,AG,2.0,8.0,AGAGA,AAGCA,0.0259
chr17_34939118,chr17,34939118.0,AT,2.0,5.0,TGTGT,ACATA,0.0205
chr17_36581474,chr17,36581474.0,GT,2.0,5.0,AATAA,GATAT,0.0062
chr17_37247084,chr17,37247084.0,AC,2.0,5.0,ATTAT,AGACA,0.012
chr17_39501207,chr17,39501207.0,T,1.0,10.0,CATTC,CTTGC,0.0383
chr17_41855017,chr17,41855017.0,TC,2.0,6.0,AAGTA,TTCAG,0.0159
chr17_41884169,chr17,41884169.0,T,1.0,11.0,CATAA,AAAGT,0.0327
chr17_42533476,chr17,42533476.0,T,1.0,10.0,ATTGA,CACTT,0.0305
chr17_46714028,chr17,46714028.0,TG,2.0,7.0,TTAAA,CACAT,0.0227
chr17_50862920,chr17,50862920.0,A,1.0,10.0,AGGTG,TCCCC,0.035
chr17_58005985,chr17,58005985.0,T,1.0,10.0,AGTGA,CTTAG,0.0271
chr17_58709785,chr17,58709785.0,GA,2.0,5.0,TCTTG,GCATT,0.0048
chr17_59051350,chr17,59051350.0,A,1.0,10.0,ACATT,TTCAA,0.0226
chr17_64593386,chr17,64593386.0,AC,2.0,6.0,CATAT,ATATA,0.0262
chr17_67145954,chr17,67145954.0,A,1.0,10.0,ATAAG,TCAGT,0.0342
chr17_75267968,chr17,75267968.0,CT,2.0,6.0,TATGC,TTGAG,0.0174
chr17_75523177,chr17,75523177.0,A,1.0,10.0,CGTTT,GTTGC,0.0356
chr17_76212541,chr17,76212541.0,A,1.0,11.0,CTAGT,GCTGA,0.0398
chr17_79090769,chr17,79090769.0,T,1.0,10.0,GTTGG,GTTGC,0.0519
chr18_3116517,chr18,3116517.0,GA,2.0,6.0,GTCCT,AGCCA,0.0158
chr18_9595250,chr18,9595250.0,A,1.0,10.0,GGTAC,TCACA,0.0253
chr18_11876464,chr18,11876464.0,A,1.0,10.0,CTCTT,GTACA,0.0388
chr18_14760745,chr18,14760745.0,GT,2.0,6.0,TGTGG,ATATA,0.0309
chr18_21530536,chr18,21530536.0,A,1.0,13.0,ATGTT,TTCTA,0.0517
chr18_23479183,chr18,23479183.0,TG,2.0,9.0,ATTAC,CGTGT,0.0519
chr18_23519002,chr18,23519002.0,CT,2.0,5.0,TTTCC,GATTT,0.0062
chr18_23842590,chr18,23842590.0,TC,2.0,7.0,GAAAG,TGCCA,0.0577
chr18_23904441,chr18,23904441.0,A,1.0,12.0,TTCTT,GAAAG,0.0564
chr18_33883210,chr18,33883210.0,A,1.0,10.0,TAATT,CACAA,0.0307
chr18_34821030,chr18,34821030.0,A,1.0,10.0,AGTTT,GTCAG,0.0171
chr18_34825063,chr18,34825063.0,T,1.0,10.0,TGCCA,AACTA,0.0359
chr18_34884613,chr18,34884613.0,CT,2.0,7.0,ATAGA,GTGTC,0.0443
chr18_36681495,chr18,36681495.0,AG,2.0,6.0,GCAGC,GCGGC,0.0145
chr18_49980630,chr18,49980630.0,T,1.0,11.0,GGACA,AATAA,0.0532
chr18_50285904,chr18,50285904.0,CTG,3.0,6.0,TTGAT,GTGAT,0.0077
chr18_51176337,chr18,51176337.0,TA,2.0,6.0,TTATG,GTTAA,0.0167
chr18_62140314,chr18,62140314.0,A,1.0,10.0,CATCT,CCCAG,0.0467
chr18_72858801,chr18,72858801.0,T,1.0,10.0,AGAAA,AAGTA,0.0407
chr18_79486226,chr18,79486226.0,T,1.0,10.0,TTTAA,CCTTC,0.0354
chr19_4539810,chr19,4539810.0,GT,2.0,7.0,TAGGG,GCACG,0.0272
chr19_6913610,chr19,6913610.0,GA,2.0,8.0,TTAAT,ATGAA,0.0216
chr19_8951716,chr19,8951716.0,TG,2.0,5.0,ACTGC,GAAGG,0.004
chr19_11423835,chr19,11423835.0,G,1.0,10.0,GGGGT,CGCGG,0.1279
chr19_12813007,chr19,12813007.0,A,1.0,10.0,CAAAG,GAGTG,0.0474
chr19_12880668,chr19,12880668.0,A,1.0,10.0,CAAAG,GTTGG,0.0568
chr19_13836719,chr19,13836719.0,AG,2.0,6.0,GAGAA,CAAAG,0.0
chr19_14654901,chr19,14654901.0,T,1.0,10.0,TTCAA,CTAAT,0.0238
chr19_14695527,chr19,14695527.0,CT,2.0,5.0,AAGCC,CAGTG,0.0133
chr19_15696270,chr19,15696270.0,TG,2.0,8.0,ACTTT,AATTC,0.0248
chr19_16514431,chr19,16514431.0,G,1.0,10.0,GCGGT,CTGCA,0.0329
chr19_17049895,chr19,17049895.0,GA,2.0,5.0,TGAAC,GGGCG,0.0215
chr19_17424907,chr19,17424907.0,CT,2.0,5.0,GTTCA,CCCCA,0.0112
chr19_19878458,chr19,19878458.0,TG,2.0,7.0,AATTA,TTTTC,0.0211
chr19_21034305,chr19,21034305.0,T,1.0,11.0,CTGAG,AATTT,0.0479
chr19_21529640,chr19,21529640.0,GT,2.0,6.0,TGTTG,TTCAG,0.0098
chr19_23126661,chr19,23126661.0,T,1.0,13.0,ACTAG,CTGAA,0.0483
chr19_29527186,chr19,29527186.0,CT,2.0,6.0,CACGC,CCCCA,0.0373
chr19_30012531,chr19,30012531.0,GT,2.0,6.0,CTGAG,ATCTT,0.0129
chr19_34196569,chr19,34196569.0,T,1.0,10.0,TGGAA,CGTTA,0.0224
chr19_35065129,chr19,35065129.0,T,1.0,10.0,TGTGG,AAAGA,0.0408
chr19_35765045,chr19,35765045.0,CTC,3.0,5.0,TCCAT,CCTCA,0.0125
chr19_36092763,chr19,36092763.0,GCA,3.0,5.0,CACCG,CACAA,0.0096
chr19_36664593,chr19,36664593.0,A,1.0,13.0,GTCTC,GCAAA,0.0906
chr19_36907803,chr19,36907803.0,A,1.0,13.0,ATGAG,GTGGG,0.0709
chr19_37190255,chr19,37190255.0,T,1.0,10.0,CTTCA,GAGAC,0.0403
chr19_38457518,chr19,38457518.0,TG,2.0,5.0,CTCCC,TAATG,0.01
chr19_38575899,chr19,38575899.0,TC,2.0,7.0,CGCTT,TGCAG,0.0306
chr19_40682985,chr19,40682985.0,G,1.0,10.0,GGAAT,ACATG,0.0259
chr19_44158121,chr19,44158121.0,A,1.0,13.0,TGATT,CAGAA,0.0571
chr19_45319426,chr19,45319426.0,C,1.0,10.0,TGAGG,TTCAA,0.0553
chr19_47250169,chr19,47250169.0,T,1.0,10.0,GGTAC,CTTTG,0.0373
chr19_58557202,chr19,58557202.0,AG,2.0,7.0,GGGGA,GGAGC,0.0235
chr20_2616092,chr20,2616092.0,T,1.0,10.0,CGTGC,CTCTC,0.0848
chr20_3575750,chr20,3575750.0,T,1.0,10.0,TACGA,AACTT,0.0249
chr20_9468746,chr20,9468746.0,AC,2.0,6.0,TGTGT,AACTG,0.0209
chr20_20262883,chr20,20262883.0,T,1.0,12.0,TCTAC,AACCA,0.0597
chr20_23980495,chr20,23980495.0,CA,2.0,5.0,ATGCT,CTCTC,0.0172
chr20_25865291,chr20,25865291.0,CA,2.0,6.0,ACGGG,AACCC,0.0104
chr20_36607913,chr20,36607913.0,TG,2.0,7.0,GGAGC,ATGAC,0.0211
chr20_37035116,chr20,37035116.0,A,1.0,11.0,TATTT,GTATA,0.0498
chr20_38048267,chr20,38048267.0,T,1.0,10.0,ATTTC,AAGTA,0.0348
chr20_44981813,chr20,44981813.0,TC,2.0,6.0,TATTG,TAGCC,0.0143
chr20_47238822,chr20,47238822.0,TGC,3.0,7.0,GGTTT,TGACG,0.0169
chr20_47622498,chr20,47622498.0,T,1.0,10.0,AGAAG,ATTGC,0.0389
chr20_57610103,chr20,57610103.0,GA,2.0,6.0,GTGGG,ACACA,0.0111
chr20_58712372,chr20,58712372.0,TC,2.0,6.0,AGCCA,CTGCT,0.019
chr20_61719190,chr20,61719190.0,T,1.0,11.0,AGAGA,AAGTC,0.0521
chr21_8219985,chr21,8219985.0,TC,2.0,6.0,CGTTT,GCTCT,0.0493
chr21_10542744,chr21,10542744.0,T,1.0,12.0,AGAGA,AACAG,0.05
chr21_10613381,chr21,10613381.0,A,1.0,10.0,TAGAT,TAGCA,0.0294
chr21_14152751,chr21,14152751.0,AT,2.0,6.0,TTCAG,GTGTA,0.0139
chr21_18359629,chr21,18359629.0,T,1.0,10.0,AATTG,AGTTT,0.0352
chr21_36247633,chr21,36247633.0,T,1.0,11.0,GTAAA,CCTGA,0.033
chr21_43982279,chr21,43982279.0,TC,2.0,6.0,CCTCT,CTGTC,0.0201
chr21_46567395,chr21,46567395.0,TGG,3.0,5.0,CCTGC,AGCTG,0.008
chr22_16476556,chr22,16476556.0,AC,2.0,8.0,GCTGT,ATGAA,0.0314
chr22_17538923,chr22,17538923.0,TC,2.0,6.0,CTCTG,TATGG,0.0232
chr22_20564628,chr22,20564628.0,CAG,3.0,8.0,AGCTC,CATCT,0.0846
chr22_26510216,chr22,26510216.0,TCA,3.0,5.0,GCTCG,ATGCG,0.0066
chr22_29409007,chr22,29409007.0,T,1.0,10.0,TGGTG,CTCTT,0.0328
chr22_30002805,chr22,30002805.0,TC,2.0,7.0,TAGTG,CCGTT,0.026
chr22_30693971,chr22,30693971.0,A,1.0,13.0,AAAGG,GCGGA,0.0667
chr22_31546843,chr22,31546843.0,T,1.0,10.0,TATGA,GCCGT,0.0371
chr22_31798522,chr22,31798522.0,A,1.0,10.0,AAATT,GTTCA,0.0364
chr22_35265581,chr22,35265581.0,AG,2.0,7.0,GACAA,GAGAA,0.0234
chr22_41154980,chr22,41154980.0,T,1.0,11.0,TGCAC,AAGTT,0.0463
chr22_42214566,chr22,42214566.0,AGG,3.0,7.0,AGGGA,AAGCA,0.0118
chr22_42502659,chr22,42502659.0,C,1.0,10.0,TGGTG,AACTG,0.0093
chr22_42877015,chr22,42877015.0,GA,2.0,5.0,CTATG,GCTTT,0.0073
chr22_46235108,chr22,46235108.0,CT,2.0,5.0,CAAAC,TCTTT,0.0041
chr1_13555598,chr1,13555598.0,A,1.0,11.0,AAAAG,GAAAT,0.0854
chr1_17018721,chr1,17018721.0,T,1.0,10.0,GGTTC,GTTAA,0.0216
chr1_28407248,chr1,28407248.0,A,1.0,16.0,GTCTC,CTATC,0.117
chr1_28460417,chr1,28460417.0,A,1.0,10.0,CCTTT,GTTCA,0.0319
chr1_35019660,chr1,35019660.0,TC,2.0,9.0,CTCAG,TTTTT,0.0163
chr1_39429714,chr1,39429714.0,AG,2.0,7.0,ACCAC,CGTCT,0.0242
chr1_44122602,chr1,44122602.0,T,1.0,10.0,TTTGG,GAGAT,0.0399
chr1_51356547,chr1,51356547.0,A,1.0,12.0,TGAAG,TCCTA,0.065
chr1_51422046,chr1,51422046.0,A,1.0,10.0,TTTGT,TTGCT,0.0492
chr1_53804122,chr1,53804122.0,A,1.0,10.0,TCATG,TCTCA,0.0249
chr1_58480867,chr1,58480867.0,T,1.0,10.0,TATCC,CACTT,0.0363
chr1_77773760,chr1,77773760.0,A,1.0,10.0,CCCTC,TAAAA,0.0322
chr1_78666717,chr1,78666717.0,A,1.0,11.0,GTGTT,GGCAA,0.0165
chr1_88955360,chr1,88955360.0,T,1.0,10.0,TCTAG,AGATA,0.0239
chr1_92269809,chr1,92269809.0,AC,2.0,5.0,ATTAT,AGAGA,0.0122
chr1_93870942,chr1,93870942.0,A,1.0,12.0,AAAGC,GTAGC,0.0744
chr1_100107268,chr1,100107268.0,A,1.0,11.0,TTGTT,CAAGA,0.0471
chr1_100974613,chr1,100974613.0,T,1.0,10.0,GGCTC,GTTTG,0.054
chr1_120542862,chr1,120542862.0,A,1.0,10.0,TGGGG,TCCCA,0.041
chr1_150960501,chr1,150960501.0,A,1.0,11.0,CAAAC,CTAAT,0.0404
chr1_158612707,chr1,158612707.0,A,1.0,11.0,GTCTG,CAAGT,0.044
chr1_165651892,chr1,165651892.0,A,1.0,19.0,GTCTC,TTCAT,0.0572
chr1_166869276,chr1,166869276.0,A,1.0,13.0,GCTTT,GATTC,0.0668
chr1_169730698,chr1,169730698.0,T,1.0,14.0,TTTGG,AGTTT,0.0428
chr1_200663767,chr1,200663767.0,A,1.0,16.0,AAACT,CCTAA,0.0551
chr1_200842185,chr1,200842185.0,T,1.0,10.0,TATTA,AGATT,0.0281
chr1_202773420,chr1,202773420.0,AC,2.0,6.0,TATAT,ATATA,0.0273
chr1_215603987,chr1,215603987.0,T,1.0,11.0,TAAGA,ACTGA,0.0274
chr1_218405343,chr1,218405343.0,TTG,3.0,10.0,TTCAT,TTTTA,0.0252
chr1_220018590,chr1,220018590.0,A,1.0,14.0,TTTAG,CTCGA,0.0448
chr1_235805681,chr1,235805681.0,GT,2.0,5.0,TATAT,ATATA,1.8199
chr1_236762713,chr1,236762713.0,GA,2.0,6.0,AAGTT,GGGGA,0.0313
chr1_236762729,chr1,236762729.0,A,1.0,10.0,AGGGG,GCCTT,0.0471
chr2_38848082,chr2,38848082.0,A,1.0,11.0,GTCTC,TCTCC,0.0625
chr2_39254274,chr2,39254274.0,GA,2.0,6.0,TAGTG,GGTGG,0.0293
chr2_39280142,chr2,39280142.0,A,1.0,10.0,AAAAT,TTATA,0.033
chr2_45418688,chr2,45418688.0,A,1.0,10.0,AAAAC,CGGAG,0.0348
chr2_45488417,chr2,45488417.0,A,1.0,11.0,ACCAG,TAACA,0.0399
chr2_112755738,chr2,112755738.0,A,1.0,11.0,AAAAG,GCTAT,0.0845
chr2_124915143,chr2,124915143.0,AC,2.0,7.0,TATAT,ATATG,0.0446
chr2_150470376,chr2,150470376.0,A,1.0,11.0,ATTGC,GTTGT,0.0508
chr2_162047273,chr2,162047273.0,A,1.0,10.0,AAAAG,CTCTC,0.0301
chr2_166152190,chr2,166152190.0,T,1.0,13.0,ATGAG,CCTTT,0.0585
chr2_170082014,chr2,170082014.0,T,1.0,12.0,TATAA,AATAT,0.031
chr2_195756416,chr2,195756416.0,A,1.0,11.0,ACAGG,GTGAA,0.0558
chr2_195873539,chr2,195873539.0,A,1.0,10.0,TAATT,CAAAT,0.036
chr2_196240298,chr2,196240298.0,A,1.0,12.0,CCTTT,GCCCA,0.0658
chr2_196890657,chr2,196890657.0,A,1.0,10.0,GTGAT,TTTGA,0.0271
chr2_201272565,chr2,201272565.0,A,1.0,11.0,AAATT,TCTAA,0.0316
chr2_209936675,chr2,209936675.0,AC,2.0,5.0,CATAT,ATATC,0.0081
chr3_12609136,chr3,12609136.0,TA,2.0,7.0,CCAAC,CATAC,0.0328
chr3_14156187,chr3,14156187.0,CA,2.0,6.0,CACAT,GCACA,0.0137
chr3_27448479,chr3,27448479.0,A,1.0,10.0,ATTAT,TTATT,0.0171
chr3_44565328,chr3,44565328.0,T,1.0,10.0,CACAG,CCCCC,0.0387
chr3_44945383,chr3,44945383.0,CA,2.0,6.0,GCAAC,TGGAC,0.0272
chr3_49967360,chr3,49967360.0,A,1.0,10.0,CTGCC,TGTTT,0.0481
chr3_54562774,chr3,54562774.0,CT,2.0,6.0,CACCC,TTCTT,0.0168
chr3_60618042,chr3,60618042.0,A,1.0,10.0,GAGTT,GATAC,0.0268
chr3_121799045,chr3,121799045.0,T,1.0,10.0,AAGAC,CTGAA,0.037
chr3_128895186,chr3,128895186.0,T,1.0,11.0,TGTGA,AATAT,0.0417
chr3_131152202,chr3,131152202.0,T,1.0,10.0,TTTGG,GGTAA,0.0419
chr3_155488204,chr3,155488204.0,T,1.0,11.0,AGTTC,GAGAC,0.0583
chr3_182841977,chr3,182841977.0,A,1.0,20.0,GTCTC,CAAAG,0.071
chr3_193440743,chr3,193440743.0,A,1.0,10.0,TGAAG,GTTTC,0.0174
chr3_193483781,chr3,193483781.0,A,1.0,11.0,AAGGT,CTTAA,0.0359
chr3_197817330,chr3,197817330.0,TG,2.0,7.0,CAACA,TCTGT,0.0132
chr4_20531757,chr4,20531757.0,T,1.0,13.0,TTGTG,ACTGT,0.0727
chr4_39778573,chr4,39778573.0,A,1.0,11.0,GACTG,TCCCT,0.0435
chr4_40760996,chr4,40760996.0,T,1.0,10.0,AAGGG,CTGGA,0.0369
chr4_55113967,chr4,55113967.0,TG,2.0,6.0,TAAAT,TATGT,0.0098
chr4_56396883,chr4,56396883.0,T,1.0,10.0,CTTGG,CTTTC,0.0384
chr4_56966808,chr4,56966808.0,A,1.0,10.0,CAACT,CAAAC,0.0347
chr4_70768397,chr4,70768397.0,T,1.0,10.0,TGTAG,ACTAT,0.0247
chr4_75790912,chr4,75790912.0,A,1.0,11.0,AGAGA,CAAAA,0.0676
chr4_82871837,chr4,82871837.0,A,1.0,10.0,CATCT,GTTCC,0.0442
chr4_99548935,chr4,99548935.0,T,1.0,10.0,AGGGC,ATTAT,0.1164
chr4_102726494,chr4,102726494.0,A,1.0,10.0,AAAAC,CAAAC,0.052
chr4_102799186,chr4,102799186.0,A,1.0,10.0,CTAGG,CAACA,0.035
chr4_109987992,chr4,109987992.0,A,1.0,11.0,TAGCT,TTGAA,0.0188
chr4_112588034,chr4,112588034.0,A,1.0,10.0,CTCTG,TCACA,0.0318
chr4_121150385,chr4,121150385.0,T,1.0,10.0,ATGTA,CAGAA,0.0258
chr4_122306177,chr4,122306177.0,A,1.0,10.0,TATCC,TCTTG,0.0328
chr4_122421127,chr4,122421127.0,A,1.0,10.0,TATGT,TTACT,0.0189
chr4_127941916,chr4,127941916.0,A,1.0,10.0,GGATT,TTAGC,0.0316
chr4_129092931,chr4,129092931.0,T,1.0,10.0,CAAGG,CCTGC,0.0339
chr4_129137897,chr4,129137897.0,T,1.0,13.0,TTTCA,GAGAT,0.0834
chr4_139266507,chr4,139266507.0,T,1.0,11.0,AAGTC,AAACT,0.051
chr4_142208827,chr4,142208827.0,T,1.0,10.0,TATTA,CATTT,0.0287
chr4_155804529,chr4,155804529.0,A,1.0,13.0,AAAAT,TTCAT,0.0508
chr4_157122092,chr4,157122092.0,A,1.0,12.0,TCCTG,CATTA,0.0782
chr4_159034890,chr4,159034890.0,A,1.0,11.0,GTCTC,CCCAA,0.0637
chr4_163128833,chr4,163128833.0,A,1.0,11.0,TCTTG,TCCTT,0.0336
chr4_169562332,chr4,169562332.0,A,1.0,11.0,ATCTT,TCGTA,0.0636
chr5_32397457,chr5,32397457.0,T,1.0,10.0,TTACA,CCCCA,0.0318
chr5_51932107,chr5,51932107.0,A,1.0,10.0,ACAAG,GATTT,0.0399
chr5_55164284,chr5,55164284.0,T,1.0,10.0,AAACA,GGAGA,0.0366
chr5_55656554,chr5,55656554.0,T,1.0,10.0,GGTTC,AAACA,0.0376
chr5_55816670,chr5,55816670.0,A,1.0,10.0,CACTT,TCCTT,0.0259
chr5_56915057,chr5,56915057.0,T,1.0,10.0,TAAAA,AGTGA,0.0236
chr5_59046332,chr5,59046332.0,TG,2.0,6.0,ATGCA,TAAGA,0.0293
chr5_64804114,chr5,64804114.0,A,1.0,11.0,AAAAT,CCTAG,0.0385
chr5_71516422,chr5,71516422.0,T,1.0,10.0,CTGGA,AAGTG,0.0234
chr5_76562374,chr5,76562374.0,T,1.0,10.0,TAATA,AATCT,0.0317
chr5_87349081,chr5,87349081.0,A,1.0,10.0,ATCTT,CAAGT,0.0275
chr5_95603140,chr5,95603140.0,A,1.0,10.0,AATCT,TCTAA,0.0307
chr5_96980069,chr5,96980069.0,T,1.0,11.0,TGTGA,AATTT,0.0234
chr5_115895276,chr5,115895276.0,T,1.0,10.0,CATAA,ACTAT,0.0189
chr5_137720300,chr5,137720300.0,A,1.0,13.0,GTCTC,GAGAG,0.0724
chr5_143300922,chr5,143300922.0,T,1.0,10.0,AAAAC,CTGAA,0.0265
chr5_148523062,chr5,148523062.0,A,1.0,11.0,GCTTT,TTATC,0.0484
chr6_7378451,chr6,7378451.0,TA,2.0,8.0,CAGAT,CAATT,0.0302
chr6_25471331,chr6,25471331.0,T,1.0,14.0,CATAG,AATTG,0.0617
chr6_52277389,chr6,52277389.0,A,1.0,12.0,ATGAC,GATTC,0.0439
chr6_69749278,chr6,69749278.0,T,1.0,10.0,TTTTA,CAAAT,0.0427
chr6_70526750,chr6,70526750.0,AC,2.0,7.0,TATAT,ATACA,0.0233
chr6_75113504,chr6,75113504.0,AT,2.0,5.0,AATAA,AGTCT,0.0035
chr6_75711485,chr6,75711485.0,T,1.0,10.0,GACAG,AAATA,0.0252
chr6_83854256,chr6,83854256.0,TC,2.0,8.0,TGCAG,TGAAA,0.0298
chr6_85636840,chr6,85636840.0,A,1.0,10.0,GTGGG,CCTGC,0.0467
chr6_104784585,chr6,104784585.0,A,1.0,10.0,AAACC,GAATT,0.0476
chr6_111178557,chr6,111178557.0,A,1.0,12.0,GAAGG,GAAGG,0.0788
chr6_112616772,chr6,112616772.0,T,1.0,10.0,CCTTC,CTGGG,0.0357
chr6_136829950,chr6,136829950.0,A,1.0,10.0,TTATT,GTTGA,0.029
chr6_160062769,chr6,160062769.0,T,1.0,10.0,TGAGC,ACTGA,0.0376
chr6_161048599,chr6,161048599.0,T,1.0,11.0,GTTTA,AATAG,0.0721
chr7_14757555,chr7,14757555.0,AC,2.0,7.0,TACAT,ATACA,0.0427
chr7_23728917,chr7,23728917.0,T,1.0,10.0,GTGGA,ATTTT,0.0444
chr7_27530957,chr7,27530957.0,AC,2.0,6.0,CACAT,ATGGT,0.0314
chr7_35946116,chr7,35946116.0,A,1.0,10.0,GTTTT,GACCA,0.0775
chr7_48052570,chr7,48052570.0,AG,2.0,6.0,AAGAC,GTTTG,0.0147
chr7_65068435,chr7,65068435.0,T,1.0,12.0,GTAAC,CTTAA,0.0633
chr7_66991436,chr7,66991436.0,A,1.0,10.0,CCGTT,TAGAA,0.0073
chr7_74705143,chr7,74705143.0,T,1.0,12.0,TCCAA,GTATG,0.0719
chr7_76551599,chr7,76551599.0,T,1.0,10.0,CATAC,CTTTT,0.0091
chr7_90354416,chr7,90354416.0,CA,2.0,5.0,ATATA,TACAT,0.0165
chr7_93197737,chr7,93197737.0,AG,2.0,7.0,CACAC,ACCAA,0.0238
chr7_99520454,chr7,99520454.0,T,1.0,10.0,CTTCA,CTTAT,0.0339
chr7_111822258,chr7,111822258.0,A,1.0,10.0,GAGGC,CTGCA,0.0388
chr7_117711349,chr7,117711349.0,A,1.0,10.0,GAATT,GCAAC,0.0395
chr7_128574702,chr7,128574702.0,T,1.0,10.0,TATGA,CTTTC,0.0282
chr7_140777193,chr7,140777193.0,T,1.0,12.0,AAAGC,AAAAA,0.0462
chr8_3188782,chr8,3188782.0,GA,2.0,7.0,AGAGG,TGGAA,0.0439
chr8_6730228,chr8,6730228.0,A,1.0,11.0,AATGC,GCTCA,0.0539
chr8_43083047,chr8,43083047.0,A,1.0,13.0,TTCAG,CTGTG,0.0569
chr8_56217196,chr8,56217196.0,T,1.0,10.0,TGGGA,AAAAA,0.0231
chr8_58631273,chr8,58631273.0,T,1.0,10.0,GGGTG,AGGCA,0.0443
chr8_71215272,chr8,71215272.0,T,1.0,10.0,TTGTA,GACCT,0.0473
chr8_74825535,chr8,74825535.0,T,1.0,14.0,AATTC,AAGTT,0.0626
chr8_79765058,chr8,79765058.0,A,1.0,10.0,TCTTT,TTATC,0.0285
chr8_81284652,chr8,81284652.0,T,1.0,10.0,CTTTC,CATTA,0.0249
chr8_89786473,chr8,89786473.0,A,1.0,11.0,GTCTG,TTAGT,0.059
chr8_91084764,chr8,91084764.0,T,1.0,11.0,ATTTC,AATTT,0.0426
chr8_93733319,chr8,93733319.0,A,1.0,10.0,AATTT,CACTT,0.0284
chr9_15011614,chr9,15011614.0,T,1.0,10.0,TTGGG,AATGT,0.0273
chr9_36123175,chr9,36123175.0,T,1.0,11.0,CAGTA,AATCC,0.0422
chr9_68919335,chr9,68919335.0,A,1.0,10.0,CAAAC,GATGA,0.032
chr9_84278146,chr9,84278146.0,T,1.0,10.0,GCTTC,CTTTC,0.055
chr9_94446611,chr9,94446611.0,T,1.0,10.0,TTTGC,AGCTA,0.0234
chr9_100516882,chr9,100516882.0,T,1.0,10.0,TCAAA,GTTTA,0.0386
chr9_109050831,chr9,109050831.0,A,1.0,11.0,AAATT,GAAAA,0.0318
chr10_21517999,chr10,21517999.0,G,1.0,10.0,TTATT,AAACC,0.0251
chr10_58199444,chr10,58199444.0,A,1.0,11.0,AGAAG,TCGCA,0.0412
chr10_58701922,chr10,58701922.0,T,1.0,10.0,CAGGG,CTTTG,0.0416
chr10_74109253,chr10,74109253.0,CT,2.0,5.0,TCACC,CCTTT,0.0122
chr10_78010304,chr10,78010304.0,A,1.0,11.0,AAAAG,CCCAC,0.0563
chr10_84775609,chr10,84775609.0,T,1.0,14.0,TTTTC,GAGAG,0.0825
chr10_94553973,chr10,94553973.0,T,1.0,10.0,AACTA,AACAG,0.0315
chr10_100545834,chr10,100545834.0,T,1.0,10.0,CATCG,GTTTG,0.1545
chr10_104392489,chr10,104392489.0,A,1.0,10.0,AGATT,CTCAT,0.0163
chr10_119526159,chr10,119526159.0,A,1.0,10.0,ACTTT,TAAAA,0.0409
chr10_123160655,chr10,123160655.0,T,1.0,11.0,CCTTC,CAGTA,0.0533
chr10_123163983,chr10,123163983.0,T,1.0,11.0,TTGAA,AAATA,0.0309
chr11_6795910,chr11,6795910.0,T,1.0,13.0,AAATG,GGAAA,0.0435
chr11_26698692,chr11,26698692.0,T,1.0,10.0,TGCTA,GCTTG,0.0454
chr11_50269431,chr11,50269431.0,A,1.0,10.0,ACGTG,TTTAA,0.0119
chr11_63632128,chr11,63632128.0,T,1.0,10.0,TTTAA,CTGGA,0.0265
chr11_74289204,chr11,74289204.0,A,1.0,13.0,AAATT,GATAA,0.0332
chr11_112230028,chr11,112230028.0,A,1.0,10.0,TTGCT,TCTTA,0.0297
chr11_118502303,chr11,118502303.0,AT,2.0,7.0,TATAA,AGTCA,0.0157
chr11_129123329,chr11,129123329.0,A,1.0,10.0,CAATT,CTACT,0.0245
chr12_7487080,chr12,7487080.0,AG,2.0,5.0,AGCTT,GGGAA,0.0122
chr12_31709173,chr12,31709173.0,A,1.0,13.0,TGTAT,TTAAA,0.0511
chr12_38874603,chr12,38874603.0,TA,2.0,6.0,TTGTG,AACAT,0.0231
chr12_40196941,chr12,40196941.0,A,1.0,11.0,GTGCC,GAAAC,0.0826
chr12_53455646,chr12,53455646.0,T,1.0,10.0,GTGTA,CCCCT,0.0282
chr12_63871637,chr12,63871637.0,T,1.0,10.0,TTTTC,GGCAT,0.0284
chr12_64352835,chr12,64352835.0,AT,2.0,6.0,AAGAA,ACTTT,0.0124
chr12_64352849,chr12,64352849.0,T,1.0,10.0,TATAC,GCCTT,0.0457
chr12_64736848,chr12,64736848.0,A,1.0,10.0,TAAGG,GCAAT,0.0398
chr12_68653929,chr12,68653929.0,A,1.0,11.0,GTCTC,GAAAC,0.0469
chr12_68732585,chr12,68732585.0,A,1.0,10.0,TCTTT,CTCTG,0.0271
chr12_71674186,chr12,71674186.0,T,1.0,13.0,TTGCA,AAGGT,0.06
chr12_78176983,chr12,78176983.0,T,1.0,10.0,TATCA,AGAGA,0.0292
chr12_80266727,chr12,80266727.0,T,1.0,10.0,TTTAC,AAAAA,0.0364
chr12_82477231,chr12,82477231.0,T,1.0,10.0,TAGTC,AAGTA,0.0345
chr12_88054289,chr12,88054289.0,T,1.0,10.0,AATAA,AAAGA,0.0206
chr12_95518013,chr12,95518013.0,A,1.0,11.0,TTTGT,TTGTT,0.0265
chr12_101308041,chr12,101308041.0,A,1.0,10.0,TTACC,GTGTT,0.0569
chr12_101345433,chr12,101345433.0,T,1.0,10.0,CTGAC,AACAG,0.0323
chr12_106687145,chr12,106687145.0,TC,2.0,7.0,CTCTT,TGTCT,0.0254
chr12_110396516,chr12,110396516.0,T,1.0,12.0,GCTTC,GAAAT,0.1089
chr12_110457448,chr12,110457448.0,CA,2.0,5.0,TCTGT,AAAAA,0.0099
chr12_110519597,chr12,110519597.0,T,1.0,10.0,GCTAA,GTATT,0.0413
chr12_119766891,chr12,119766891.0,T,1.0,10.0,AAAGG,GGAAC,0.0258
chr12_120461899,chr12,120461899.0,A,1.0,12.0,TCTTT,TTAAA,0.0321
chr12_122279243,chr12,122279243.0,A,1.0,11.0,AATGT,TATAA,0.022
chr12_123757843,chr12,123757843.0,T,1.0,11.0,AGGAA,AACTT,0.025
chr13_19415254,chr13,19415254.0,T,1.0,10.0,TGCTA,CCTCT,0.0407
chr13_23669191,chr13,23669191.0,T,1.0,10.0,ATGAG,GCATC,0.0385
chr13_27430126,chr13,27430126.0,A,1.0,11.0,CTCTG,CAAAA,0.0617
chr13_32763429,chr13,32763429.0,T,1.0,10.0,TCAGA,AAGAG,0.0321
chr13_38923495,chr13,38923495.0,A,1.0,10.0,AGATT,CTTAT,0.0289
chr13_39043914,chr13,39043914.0,A,1.0,10.0,ACTTT,CTGTA,0.0209
chr13_41367368,chr13,41367368.0,T,1.0,10.0,TACAA,CTAAA,0.0322
chr13_49187017,chr13,49187017.0,T,1.0,12.0,GGTGA,AAACC,0.0495
chr13_52425806,chr13,52425806.0,A,1.0,10.0,GAAAG,CATGT,0.0454
chr13_77603061,chr13,77603061.0,T,1.0,10.0,TAAAC,AAAGA,0.0494
chr14_35266992,chr14,35266992.0,A,1.0,13.0,TCATT,GATTT,0.0593
chr14_35835052,chr14,35835052.0,A,1.0,12.0,TGATT,GAATA,0.0362
chr14_39063500,chr14,39063500.0,A,1.0,10.0,ACAGG,GTCAT,0.0238
chr14_58137927,chr14,58137927.0,A,1.0,10.0,CCATT,TTGAA,0.0229
chr14_64141812,chr14,64141812.0,T,1.0,10.0,GTTTG,GAGTA,0.0176
chr14_73879933,chr14,73879933.0,A,1.0,10.0,AAATT,TCGAA,0.0232
chr14_96471751,chr14,96471751.0,T,1.0,10.0,GTAGC,CTTTT,0.0489
chr14_102662593,chr14,102662593.0,T,1.0,10.0,GGATC,CCGGC,0.0167
chr15_32623721,chr15,32623721.0,T,1.0,10.0,GAAGA,CCAAA,0.0221
chr15_39584543,chr15,39584543.0,T,1.0,10.0,AAGTG,CTTTA,0.011
chr15_42544189,chr15,42544189.0,T,1.0,10.0,AACTA,CATTT,0.0285
chr15_45676039,chr15,45676039.0,A,1.0,12.0,GGATT,GGCAG,0.0499
chr15_56102041,chr15,56102041.0,T,1.0,10.0,TGTGA,CTTAT,0.0165
chr15_59668773,chr15,59668773.0,GC,2.0,6.0,CACAC,ACAGT,0.0225
chr15_63674237,chr15,63674237.0,T,1.0,13.0,AAAAA,ACAAA,0.0406
chr15_66529338,chr15,66529338.0,T,1.0,12.0,AAATC,GCCAC,0.0642
chr15_78580643,chr15,78580643.0,T,1.0,11.0,TTTCC,GAGAC,0.0502
chr15_85707801,chr15,85707801.0,A,1.0,12.0,CACCG,TCACA,0.0417
chr16_14610489,chr16,14610489.0,T,1.0,10.0,AAAAA,AATAT,0.0076
chr16_22568987,chr16,22568987.0,T,1.0,10.0,CCACA,CTGAG,0.0352
chr16_24910533,chr16,24910533.0,T,1.0,13.0,ATTGA,CCTAT,0.0419
chr16_31894454,chr16,31894454.0,T,1.0,10.0,TAGTG,CTGAC,0.0406
chr16_32600663,chr16,32600663.0,T,1.0,10.0,GCCAA,GGACA,0.0476
chr16_53466901,chr16,53466901.0,T,1.0,10.0,AAAAG,AACTT,0.0246
chr16_69384776,chr16,69384776.0,TA,2.0,6.0,AAAAT,TTTAT,0.0143
chr16_74462264,chr16,74462264.0,A,1.0,10.0,ACATG,CAAAC,0.0273
chr17_9598215,chr17,9598215.0,T,1.0,12.0,TTTTG,ACATA,0.0489
chr17_16058204,chr17,16058204.0,A,1.0,10.0,TGGAG,TTATT,0.0278
chr17_22299259,chr17,22299259.0,GT,2.0,5.0,TGTGC,TTGGA,0.0304
chr17_28172726,chr17,28172726.0,T,1.0,11.0,TAGGA,AACAT,0.0763
chr17_36585695,chr17,36585695.0,A,1.0,10.0,TACTT,TCCTT,0.0284
chr17_38806620,chr17,38806620.0,A,1.0,10.0,GGTGG,TGATG,0.0429
chr17_39419600,chr17,39419600.0,A,1.0,12.0,ATATG,CTTTT,0.0578
chr17_59070738,chr17,59070738.0,A,1.0,11.0,GCATT,CATTC,0.0503
chr17_68524184,chr17,68524184.0,T,1.0,10.0,ACCAC,CTGTT,0.0367
chr17_68876304,chr17,68876304.0,T,1.0,10.0,AGATC,GCAAA,0.0406
chr17_69707427,chr17,69707427.0,A,1.0,11.0,TCCAG,TTAAA,0.0451
chr17_75668466,chr17,75668466.0,T,1.0,10.0,TCTTG,CTTGC,0.0432
chr18_9775550,chr18,9775550.0,T,1.0,10.0,GGTCA,CCTAG,0.0397
chr18_23006187,chr18,23006187.0,A,1.0,13.0,CTCAG,TAGTT,0.0692
chr18_32113947,chr18,32113947.0,TG,2.0,6.0,GGGGA,TATGT,0.0209
chr18_48604153,chr18,48604153.0,T,1.0,10.0,CGTGA,AAGGG,0.0454
chr18_51065185,chr18,51065185.0,A,1.0,11.0,AAATT,TTAGT,0.0177
chr18_54918103,chr18,54918103.0,A,1.0,10.0,AAATT,TTAAA,0.0115
chr19_3056272,chr19,3056272.0,AGG,3.0,9.0,GGGGA,AGATG,0.021
chr19_23373610,chr19,23373610.0,A,1.0,10.0,AATTT,TTCAG,0.0205
chr19_34196988,chr19,34196988.0,A,1.0,10.0,TAGGT,TGGAT,0.0372
chr19_34444033,chr19,34444033.0,T,1.0,10.0,ATGTG,GTTTT,0.0894
chr19_48151069,chr19,48151069.0,A,1.0,11.0,TAATT,CCCGA,0.0314
chr19_51969242,chr19,51969242.0,T,1.0,10.0,AATAG,AATAC,0.0233
chr19_52374211,chr19,52374211.0,T,1.0,14.0,GCTAA,GTATT,0.0813
chr20_3935191,chr20,3935191.0,A,1.0,10.0,ATCTT,GAAAT,0.0303
chr21_8420097,chr21,8420097.0,TC,2.0,9.0,CTTAG,CCTGT,0.0242
chr21_20426179,chr21,20426179.0,GA,2.0,5.0,GGGAG,GGAGA,0.0098
chr21_29576885,chr21,29576885.0,T,1.0,10.0,TTTTC,CGACA,0.0406
chr21_31120840,chr21,31120840.0,CA,2.0,6.0,CACTG,AAAAT,0.011
chr21_44046506,chr21,44046506.0,T,1.0,16.0,TTAAG,GGGGG,0.0461
chr21_46401535,chr21,46401535.0,T,1.0,10.0,AGTTC,AATAG,0.0394
chr22_39765176,chr22,39765176.0,TG,2.0,16.0,TTTGT,TTTGG,0.0531
chr22_43666954,chr22,43666954.0,A,1.0,11.0,TGGCC,TCCTT,0.0735
chr1_21988979,chr1,21988979.0,CA,2.0,6.0,ATATA,TATAT,0.0427
chr1_179126795,chr1,179126795.0,T,1.0,10.0,CCAAA,AAATA,0.0271
chr1_181033869,chr1,181033869.0,T,1.0,10.0,TTATC,AACCT,0.042
chr1_207652750,chr1,207652750.0,T,1.0,10.0,TAGCC,GTTTT,0.0452
chr1_235985204,chr1,235985204.0,A,1.0,10.0,AAAAG,GTAGA,0.0262
chr1_241787665,chr1,241787665.0,A,1.0,17.0,ATCTC,GTTTA,0.0994
chr2_43874278,chr2,43874278.0,A,1.0,11.0,TATTT,TTAGA,0.0295
chr2_201727046,chr2,201727046.0,A,1.0,11.0,ACATT,CAATG,0.0502
chr2_209936638,chr2,209936638.0,TA,2.0,5.0,ATGTG,TGTGT,0.0
chr2_234014784,chr2,234014784.0,A,1.0,12.0,TGTGC,TACAG,0.0497
chr3_108437405,chr3,108437405.0,A,1.0,10.0,TAAAG,TTGTT,0.0309
chr3_154292812,chr3,154292812.0,T,1.0,10.0,GAGCA,ATTAC,0.0256
chr3_189982881,chr3,189982881.0,T,1.0,10.0,AAGAC,AAGTC,0.0369
chr4_48076636,chr4,48076636.0,T,1.0,10.0,TTCAC,GAGAC,0.0528
chr4_103177196,chr4,103177196.0,A,1.0,10.0,TGCTT,TCAAA,0.0248
chr4_122243720,chr4,122243720.0,A,1.0,11.0,CAAAG,GTCAA,0.0408
chr5_32355565,chr5,32355565.0,T,1.0,11.0,GCACA,GGGTG,0.0578
chr5_35003578,chr5,35003578.0,T,1.0,12.0,CCGCC,GTACC,0.104
chr5_37120050,chr5,37120050.0,A,1.0,12.0,AGCAG,TTACA,0.0418
chr5_37333353,chr5,37333353.0,A,1.0,10.0,GTCTC,GAAAG,0.0422
chr5_37348762,chr5,37348762.0,T,1.0,11.0,TGGGC,GAGAC,0.0713
chr6_44393672,chr6,44393672.0,T,1.0,10.0,ATCCC,GAGAC,0.0604
chr6_52056584,chr6,52056584.0,T,1.0,10.0,TCATA,ACTCT,0.0338
chr6_78998536,chr6,78998536.0,A,1.0,11.0,GAGTT,GGAAA,0.0405
chr6_83922619,chr6,83922619.0,T,1.0,10.0,TTCTC,AAACT,0.0222
chr6_121291849,chr6,121291849.0,A,1.0,10.0,ATAAT,TACAT,0.0348
chr6_165413411,chr6,165413411.0,A,1.0,11.0,AAATG,GCCCT,0.0904
chr7_32755412,chr7,32755412.0,A,1.0,19.0,CCTTT,GAAGG,0.0594
chr7_32870894,chr7,32870894.0,A,1.0,10.0,GAAGG,CAGGC,0.0376
chr7_38245284,chr7,38245284.0,GT,2.0,8.0,TCAAG,ATGTG,0.0385
chr7_99338019,chr7,99338019.0,A,1.0,10.0,AGGTT,TGGAA,0.038
chr7_135252001,chr7,135252001.0,GA,2.0,6.0,AGAGG,GTGTG,0.1265
chr7_141010232,chr7,141010232.0,T,1.0,11.0,TTTCC,GGTCT,0.0636
chr8_37846765,chr8,37846765.0,A,1.0,11.0,CCAAG,GAGAT,0.0439
chr8_47936626,chr8,47936626.0,T,1.0,10.0,GCTTC,GAGAC,0.0443
chr8_67216436,chr8,67216436.0,A,1.0,10.0,ATTGT,TGTCT,0.0285
chr8_90044688,chr8,90044688.0,T,1.0,10.0,ATCTA,AAGAA,0.0207
chr8_99391375,chr8,99391375.0,A,1.0,10.0,GAGAG,GCGGG,0.0357
chr8_103331178,chr8,103331178.0,A,1.0,10.0,GTCTC,TTTGT,0.0333
chr8_112408782,chr8,112408782.0,A,1.0,10.0,TTTAG,GGTGA,0.0538
chr9_100052303,chr9,100052303.0,A,1.0,11.0,CATTT,GAAAA,0.0504
chr9_111363780,chr9,111363780.0,T,1.0,12.0,TCTGA,AAAGG,0.038
chr9_123125410,chr9,123125410.0,T,1.0,12.0,GTTTC,CAAGT,0.0562
chr10_15135192,chr10,15135192.0,TTG,3.0,10.0,GTGTT,TTCAT,0.0161
chr10_68934053,chr10,68934053.0,T,1.0,11.0,TTGAC,ACAGT,0.0541
chr11_74343165,chr11,74343165.0,T,1.0,10.0,CGTTC,CTGAT,0.0256
chr11_94999557,chr11,94999557.0,TG,2.0,6.0,GTGTA,TAGAT,0.0275
chr11_97287167,chr11,97287167.0,T,1.0,10.0,CCTAC,AAATC,0.0384
chr11_117292845,chr11,117292845.0,T,1.0,10.0,CCATG,CACTA,0.0165
chr12_52487557,chr12,52487557.0,AG,2.0,6.0,GGTAT,AAGAA,0.0209
chr12_64739608,chr12,64739608.0,A,1.0,11.0,CGTTT,TCCAA,0.0324
chr12_111803736,chr12,111803736.0,A,1.0,11.0,ATCTC,TTTTT,0.036
chr13_100155162,chr13,100155162.0,A,1.0,11.0,TATTT,TAGGA,0.0349
chr13_101055657,chr13,101055657.0,T,1.0,10.0,ATAGA,AATTG,0.0277
chr13_101059674,chr13,101059674.0,T,1.0,12.0,TTGCC,AATGA,0.1079
chr14_96520817,chr14,96520817.0,TA,2.0,6.0,GCCTG,GAAAG,0.0279
chr15_22126442,chr15,22126442.0,A,1.0,11.0,AGGGC,GAATA,0.0342
chr15_61991888,chr15,61991888.0,T,1.0,13.0,GGTTC,AACGC,0.048
chr15_75430057,chr15,75430057.0,T,1.0,11.0,AGTTA,ACCTT,0.0525
chr19_2514986,chr19,2514986.0,AG,2.0,9.0,GAGAA,AACAT,0.03
chr19_3013523,chr19,3013523.0,A,1.0,10.0,GGTTT,GCACA,0.0342
chr19_11297954,chr19,11297954.0,T,1.0,10.0,GGCTA,GTTGG,0.0604
chr19_12383784,chr19,12383784.0,T,1.0,10.0,CCTTC,AGGTG,0.0425
chr19_45674605,chr19,45674605.0,A,1.0,11.0,TGTTT,TAGAA,0.0411
chr20_51697235,chr20,51697235.0,TG,2.0,7.0,ATATT,TCTGT,0.0305
chr21_33810795,chr21,33810795.0,T,1.0,10.0,GTGCA,CAGCA,0.0368
chr22_15699880,chr22,15699880.0,T,1.0,13.0,GAGGG,GTCCC,0.0449
chr2_135769748,chr2,135769748.0,T,1.0,13.0,GGTGG,AATAC,0.0464
chr12_56432953,chr12,56432953.0,A,1.0,21.0,GTCTC,GGCAG,0.0753
chr12_110025950,chr12,110025950.0,TC,2.0,7.0,CTTCT,TTTTT,0.0164
chr5_72901237,chr5,72901237.0,T,1.0,10.0,ATGCC,CCTAA,0.0389
chr5_168421811,chr5,168421811.0,AT,2.0,6.0,GCCTG,AGTGG,0.029
chr7_106028341,chr7,106028341.0,TG,2.0,6.0,GTTAT,TATAC,0.013
chr7_127611678,chr7,127611678.0,A,1.0,11.0,CTGCT,GCAAG,0.0338
chr20_31072067,chr20,31072067.0,TGGAA,5.0,6.0,TGGAG,TCAAT,0.0826
chr1_8445684,chr1,8445684.0,T,1.0,11.0,CCACC,ATGTT,0.0121
chr1_23193015,chr1,23193015.0,A,1.0,12.0,TAATT,GACAA,0.0421
chr1_23363293,chr1,23363293.0,T,1.0,14.0,CTAAA,AGACA,0.0986
chr1_26320120,chr1,26320120.0,A,1.0,16.0,CCTCT,GTCCC,0.1018
chr1_51834302,chr1,51834302.0,T,1.0,10.0,AATTC,CTTTG,0.0095
chr1_109340577,chr1,109340577.0,A,1.0,12.0,ACAAT,GGAAA,0.0252
chr1_110020569,chr1,110020569.0,T,1.0,10.0,TGAGG,AATTA,0.0148
chr1_112584241,chr1,112584241.0,A,1.0,11.0,TTTAG,CCTTC,0.0337
chr1_113834729,chr1,113834729.0,A,1.0,12.0,AAATT,TTAGA,0.0478
chr1_113901522,chr1,113901522.0,A,1.0,10.0,AAGGC,CTGCC,0.0356
chr1_155586635,chr1,155586635.0,T,1.0,11.0,TTCAC,AAGAG,0.0473
chr1_156268577,chr1,156268577.0,AC,2.0,6.0,CGATA,ATAAC,0.0014
chr1_169827926,chr1,169827926.0,T,1.0,10.0,GTGTG,AAATC,0.0095
chr1_186070904,chr1,186070904.0,A,1.0,10.0,AACTT,CCCAA,0.0142
chr1_201979010,chr1,201979010.0,A,1.0,11.0,CACCT,TGCTT,0.0416
chr1_206010015,chr1,206010015.0,TG,2.0,8.0,GTATA,TATTC,0.0195
chr1_246758822,chr1,246758822.0,T,1.0,10.0,TCTGG,CTTTT,0.0385
chr2_19966536,chr2,19966536.0,A,1.0,10.0,TGAAG,TCAGG,0.0263
chr2_28632221,chr2,28632221.0,T,1.0,13.0,TGGGC,AACCA,0.0748
chr2_32514826,chr2,32514826.0,TA,2.0,7.0,GTGTC,TGCAG,0.0307
chr2_101008324,chr2,101008324.0,T,1.0,11.0,TGTCA,AAACA,0.0263
chr2_102016147,chr2,102016147.0,CA,2.0,6.0,CAGTG,CGCAC,0.0409
chr2_115815128,chr2,115815128.0,T,1.0,10.0,TTTCA,GAAGT,0.0261
chr2_118103069,chr2,118103069.0,T,1.0,10.0,ATAAC,GTTTT,0.0183
chr2_157533831,chr2,157533831.0,A,1.0,10.0,AGAAC,TGGCA,0.0451
chr2_182732340,chr2,182732340.0,TG,2.0,6.0,TTGTA,TAGAA,0.0207
chr2_201647518,chr2,201647518.0,T,1.0,10.0,TTTAA,AAATA,0.0164
chr3_15679135,chr3,15679135.0,T,1.0,13.0,TGCAC,GGTAG,0.0875
chr3_33551486,chr3,33551486.0,T,1.0,11.0,GATGA,ATATA,0.0196
chr3_48501379,chr3,48501379.0,CA,2.0,8.0,CAGAC,TGCTG,0.0272
chr3_62333131,chr3,62333131.0,GT,2.0,10.0,TATAT,ATACA,0.0254
chr3_67007905,chr3,67007905.0,T,1.0,14.0,TTTTC,AGGAG,0.0625
chr3_89107976,chr3,89107976.0,T,1.0,10.0,GTGCC,CCAAC,0.0319
chr3_90230096,chr3,90230096.0,A,1.0,11.0,CGGAC,CATTA,0.0423
chr3_196392072,chr3,196392072.0,A,1.0,11.0,CTCTG,TGCAA,0.0229
chr3_197870374,chr3,197870374.0,T,1.0,10.0,ATTTA,AGACG,0.0249
chr4_22444782,chr4,22444782.0,A,1.0,10.0,AACTG,GGTCA,0.0206
chr4_27017514,chr4,27017514.0,T,1.0,10.0,ACCTG,GTTTC,0.047
chr4_46305414,chr4,46305414.0,A,1.0,14.0,TAATT,CAAGC,0.0406
chr4_55443489,chr4,55443489.0,A,1.0,10.0,AAAAG,GCTGA,0.0487
chr4_56811614,chr4,56811614.0,A,1.0,11.0,CTGTC,GAAGA,0.0321
chr4_87374899,chr4,87374899.0,T,1.0,12.0,GGCTA,GAGAC,0.0589
chr4_145122811,chr4,145122811.0,A,1.0,11.0,AAAAG,TTCCT,0.0459
chr5_80775890,chr5,80775890.0,T,1.0,13.0,GGAAC,GGAGG,0.0808
chr5_109713444,chr5,109713444.0,A,1.0,11.0,AATTT,TGTGT,0.0322
chr5_168616283,chr5,168616283.0,T,1.0,10.0,TAGGA,CCTAA,0.0236
chr6_26448925,chr6,26448925.0,TC,2.0,6.0,AGGAG,GTCTA,0.012
chr6_41909173,chr6,41909173.0,A,1.0,13.0,GTCTC,GAGAA,0.1158
chr6_44148123,chr6,44148123.0,A,1.0,13.0,TTTCC,TGCTT,0.0461
chr6_70156466,chr6,70156466.0,TA,2.0,6.0,CATAC,TGTAT,0.0151
chr6_87545485,chr6,87545485.0,A,1.0,15.0,TAGGG,TAGGT,0.0439
chr6_124658068,chr6,124658068.0,A,1.0,10.0,GTAGG,CAAAC,0.0197
chr6_142370913,chr6,142370913.0,AT,2.0,6.0,TAGAC,GTTGT,0.0101
chr7_6583177,chr7,6583177.0,A,1.0,13.0,GTCTC,GAATT,0.1187
chr7_18648410,chr7,18648410.0,TG,2.0,11.0,GTGTA,TATAC,0.0943
chr7_34937857,chr7,34937857.0,A,1.0,10.0,TGTTT,GAAGA,0.0425
chr7_102327063,chr7,102327063.0,A,1.0,14.0,GTCTC,TGCTC,0.0171
chr7_107195750,chr7,107195750.0,T,1.0,14.0,TTTTC,AACCT,0.0638
chr7_121968310,chr7,121968310.0,A,1.0,10.0,TGTAC,TGACC,0.0451
chr7_131243034,chr7,131243034.0,A,1.0,10.0,AACAG,GGAAA,0.0078
chr7_141931834,chr7,141931834.0,A,1.0,10.0,GAAAT,TTTTA,0.0391
chr7_150791752,chr7,150791752.0,A,1.0,10.0,CAGGC,CAAGG,0.0318
chr8_3367267,chr8,3367267.0,AG,2.0,6.0,GGGGG,ACAGA,0.1015
chr8_25889621,chr8,25889621.0,A,1.0,13.0,CGTTT,CCCAC,0.0329
chr8_102346759,chr8,102346759.0,A,1.0,11.0,AAAGG,GTTTT,0.0408
chr9_19295879,chr9,19295879.0,T,1.0,10.0,TGAGA,CATAA,0.0151
chr9_34343035,chr9,34343035.0,A,1.0,13.0,AACAG,TCTTG,0.0401
chr9_35735854,chr9,35735854.0,GTT,3.0,5.0,TTTTT,TTAAT,0.0124
chr9_72918948,chr9,72918948.0,T,1.0,10.0,ATGGC,GAGAC,0.0276
chr9_127660992,chr9,127660992.0,A,1.0,15.0,CATCC,TCCTG,0.0552
chr10_15517328,chr10,15517328.0,T,1.0,13.0,ATGTA,AAACT,0.0619
chr10_27014296,chr10,27014296.0,A,1.0,13.0,AAATT,CAGAG,0.0519
chr11_3768420,chr11,3768420.0,A,1.0,17.0,ATCTC,CTTTG,0.0473
chr11_10773884,chr11,10773884.0,A,1.0,19.0,ATCTC,TCCTT,0.0557
chr11_106097037,chr11,106097037.0,A,1.0,11.0,CAATT,GCAGA,0.0088
chr11_108250683,chr11,108250683.0,T,1.0,15.0,TATCC,AGGCT,0.0312
chr11_124123934,chr11,124123934.0,A,1.0,10.0,AACAG,GATGA,0.0194
chr12_6749723,chr12,6749723.0,A,1.0,15.0,ATCTC,GGAAT,0.0767
chr12_9842147,chr12,9842147.0,TG,2.0,8.0,GCAAT,TAACA,0.0177
chr12_15982632,chr12,15982632.0,GT,2.0,5.0,TTTTT,GGCAT,0.0074
chr12_51098623,chr12,51098623.0,A,1.0,14.0,GTTTC,TTAGG,0.0648
chr12_96679430,chr12,96679430.0,A,1.0,10.0,AAAAG,TTGAT,0.0397
chr12_120303510,chr12,120303510.0,A,1.0,12.0,ATGAG,CCACC,0.0532
chr13_24689091,chr13,24689091.0,A,1.0,11.0,AACTT,TCAAT,0.031
chr13_38876446,chr13,38876446.0,A,1.0,14.0,TTAGT,TCCAC,0.0373
chr13_44596146,chr13,44596146.0,A,1.0,11.0,GGTTT,GAAAT,0.0493
chr14_20369918,chr14,20369918.0,T,1.0,13.0,GCAAA,GAGAC,0.0503
chr14_21468239,chr14,21468239.0,T,1.0,12.0,CAAAA,ACTGA,0.0195
chr14_24068428,chr14,24068428.0,A,1.0,10.0,AAAAG,GGCAC,0.015
chr14_29632734,chr14,29632734.0,A,1.0,10.0,AGAAG,TAGTT,0.0196
chr14_102968094,chr14,102968094.0,A,1.0,12.0,ATCTC,CCAAA,0.0815
chr15_37947809,chr15,37947809.0,AC,2.0,7.0,CACAT,AAGTC,0.0131
chr15_51949699,chr15,51949699.0,A,1.0,17.0,GTCTC,GTCCA,0.1051
chr15_56846221,chr15,56846221.0,A,1.0,10.0,ACTAC,TCAAT,0.0504
chr15_76574011,chr15,76574011.0,A,1.0,11.0,AAAGT,TTCAT,0.0273
chr15_85716002,chr15,85716002.0,T,1.0,14.0,AAAGC,AAGAA,0.0138
chr16_70974744,chr16,70974744.0,T,1.0,10.0,TCTGA,CTACC,0.0278
chr16_84422833,chr16,84422833.0,T,1.0,11.0,TTTAA,AATAG,0.0142
chr17_4741279,chr17,4741279.0,T,1.0,11.0,TGGGG,AATTT,0.0446
chr17_4798514,chr17,4798514.0,T,1.0,10.0,GGTTC,GACTT,0.0621
chr17_32446782,chr17,32446782.0,T,1.0,10.0,TGATC,CCTGG,0.0162
chr17_63967933,chr17,63967933.0,A,1.0,15.0,ATCTC,GAAAA,0.0858
chr17_67552467,chr17,67552467.0,T,1.0,11.0,CCCTC,GGTTT,0.0591
chr17_76165683,chr17,76165683.0,T,1.0,12.0,CATAC,GAGAC,0.0394
chr18_2960514,chr18,2960514.0,A,1.0,13.0,AGGTT,GGCCT,0.0443
chr18_24123742,chr18,24123742.0,T,1.0,12.0,CCTGC,CAAGT,0.051
chr18_25195027,chr18,25195027.0,A,1.0,10.0,AAATT,TCAAT,0.0186
chr18_32216868,chr18,32216868.0,A,1.0,12.0,CCTCT,GAAAG,0.0138
chr19_9693548,chr19,9693548.0,T,1.0,10.0,TATGA,AGAGA,0.0248
chr19_15255189,chr19,15255189.0,A,1.0,10.0,ATTGG,GGGGG,0.0394
chr19_50448474,chr19,50448474.0,T,1.0,11.0,ATTTA,GAGAT,0.0205
chr19_53668888,chr19,53668888.0,A,1.0,10.0,CTAAG,GAGAA,0.0456
chr19_56511351,chr19,56511351.0,A,1.0,11.0,GCATG,CCGTT,0.0224
chr20_13110086,chr20,13110086.0,T,1.0,11.0,CTCAA,GGTAT,0.0501
chr21_39770830,chr21,39770830.0,A,1.0,11.0,AACTT,GAAAA,0.023
chr22_32495368,chr22,32495368.0,T,1.0,15.0,GTTAG,ATGCT,0.0757
chr22_43957390,chr22,43957390.0,A,1.0,10.0,TCTTG,GGCAA,0.0214
chr4_113265135,chr4,113265135.0,A,1.0,10.0,TCCAG,GAAAC,0.0345
chr5_168692499,chr5,168692499.0,GA,2.0,7.0,CACAT,GCATG,0.026
chr11_36376105,chr11,36376105.0,T,1.0,12.0,GGCAA,AAGTC,0.0357
chr12_13981883,chr12,13981883.0,CA,2.0,6.0,CCGCG,GACAC,0.0104
chr21_40369322,chr21,40369322.0,T,1.0,10.0,AACAG,CCCCC,0.0337
chr22_38649867,chr22,38649867.0,A,1.0,12.0,ATCTC,GAAAG,0.0474
chr1_6124668,chr1,6124668.0,G,1.0,11.0,GGGGT,ACTGG,0.0796
chr1_231475873,chr1,231475873.0,A,1.0,10.0,ACTAG,GCACA,0.0356
chr9_64355156,chr9,64355156.0,GT,2.0,5.0,TGCAC,ATAAT,0.007
chr13_113227907,chr13,113227907.0,A,1.0,15.0,ATCTC,GGTAA,0.1373
chr14_64552975,chr14,64552975.0,T,1.0,13.0,GCCAA,GAGAT,0.0461
chr3_28515715,chr3,28515715.0,TG,2.0,15.0,TTTCC,TATAC,0.0452
chr5_66159431,chr5,66159431.0,T,1.0,13.0,CTTCT,AATAG,0.0647
chr11_94470295,chr11,94470295.0,A,1.0,11.0,GACTT,TCTTG,0.0369
chr12_105120705,chr12,105120705.0,GT,2.0,9.0,GAGGC,TTGTG,0.0361
chr15_43768697,chr15,43768697.0,T,1.0,11.0,ATCTC,GTCCT,0.0328
chr3_131001104,chr3,131001104.0,A,1.0,23.0,CTCAG,GTTGT,0.0454
chr6_157873072,chr6,157873072.0,T,1.0,16.0,TTTTC,GGTGA,0.0812
chr5_34193615,chr5,34193615.0,T,1.0,10.0,TTCTC,GCTTA,0.0564
chr10_118336544,chr10,118336544.0,T,1.0,11.0,TAAAC,AATCT,0.0364
chr10_91942285,chr10,91942285.0,A,1.0,10.0,TTCTT,GTTTG,0.0178
