,chr,pos,motif,motifLen,repeatTimes,prefix,suffix,threshold
chr18_26256138,chr18,26256138,T,1,10,TCCAG,GATCC,0.015267175572519085
chr18_33333178,chr18,33333178,T,1,10,CTCCA,ATAAT,0.018072289156626502
chr18_12673512,chr18,12673512,A,1,10,TTAAG,TTATT,0.0055248618784530384
chr17_80375702,chr17,80375702,A,1,10,ATCTC,GATGT,0.013513513513513514
chr18_63400024,chr18,63400024,A,1,10,AAAAG,TTAGT,0.009523809523809523
chr18_68683032,chr18,68683032,AG,2,6,GGGGG,AAAGC,0.016666666666666666
chr18_79253286,chr18,79253286,T,1,10,TAAAG,ATGTC,0.008928571428571428
chr18_79977714,chr18,79977714,A,1,11,AGATT,CTGAA,0.015810276679841896
chr19_1364473,chr19,1364473,T,1,10,TATTC,GTTTT,0.01282051282051282
chr18_62443235,chr18,62443235,T,1,10,TATGG,GGCTT,0.02586206896551724
chr18_41990445,chr18,41990445,T,1,10,AATCA,CAGAG,0.011848341232227487
chr18_46011302,chr18,46011302,A,1,10,GAATT,TCAAG,0.008771929824561403
chr18_46864256,chr18,46864256,A,1,11,GGAAG,GAAAG,0.019933554817275743
chr18_47130338,chr18,47130338,A,1,10,AACGG,TGATT,0.015317286652078776
chr18_47156242,chr18,47156242,A,1,10,AAGAG,GTTTG,0.011428571428571429
chr18_55260044,chr18,55260044,A,1,10,AGGAG,CACCC,0.010714285714285714
chr17_77191166,chr17,77191166,T,1,10,CTTTC,GAAGA,0.015267175572519085
chr17_59051350,chr17,59051350,A,1,10,ACATT,TTCAA,0.009933774834437088
chr17_59193640,chr17,59193640,TCC,3,5,CATTT,ACCTC,0.009523809523809523
chr17_59201547,chr17,59201547,T,1,11,GGGAC,ATAGC,0.021520803443328552
chr17_60223590,chr17,60223590,A,1,10,CCTAT,GAGGA,0.013392857142857142
chr17_61040906,chr17,61040906,T,1,10,TCAGA,CCTTT,0.008823529411764706
chr17_61921837,chr17,61921837,A,1,10,AAAAG,GATAT,0.016666666666666666
chr17_47028265,chr17,47028265,T,1,12,GTGTC,AGAAA,0.02914798206278027
chr17_49619402,chr17,49619402,A,1,10,GATAG,TGTCA,0.02
chr17_50188799,chr17,50188799,AG,2,8,CCTGC,AAGTG,0.03977272727272727
chr17_69096807,chr17,69096807,A,1,11,TGATT,GAAAG,0.01948051948051948
chr17_69274136,chr17,69274136,A,1,10,AAAAG,CAACA,0.01183431952662722
chr17_75135963,chr17,75135963,A,1,12,AAAAG,GACAG,0.027777777777777776
chr17_75267968,chr17,75267968,CT,2,6,TATGC,TTGAG,0.015151515151515154
chr17_75523177,chr17,75523177,A,1,10,CGTTT,GTTGC,0.012698412698412698
chr17_68037285,chr17,68037285,A,1,10,TATTT,TGCCC,0.013793103448275862
chr17_64886168,chr17,64886168,A,1,10,TTTCT,GACAC,0.011049723756906077
chr17_64886192,chr17,64886192,A,1,10,CAAAG,TTATT,0.01790633608815427
chr19_35878548,chr19,35878548,A,1,11,TAAAG,GAATG,0.0165016501650165
chr19_36081349,chr19,36081349,T,1,11,CTTAC,CCATG,0.02261306532663317
chr19_37476317,chr19,37476317,T,1,10,TCTAC,CGTAT,0.0198019801980198
chr19_35011448,chr19,35011448,CT,2,8,CACAC,CCCTG,0.03594771241830065
chr19_34341387,chr19,34341387,T,1,12,TTGTC,AAACA,0.017948717948717947
chr19_42429034,chr19,42429034,T,1,10,ATTTC,GGAGA,0.011513157894736841
chr19_42632101,chr19,42632101,GA,2,7,GCTAG,GCATC,0.011589403973509934
chr19_42729695,chr19,42729695,AG,2,5,GGACC,TGAGA,0.003508771929824561
chr19_42853884,chr19,42853884,TG,2,5,AATCC,AAGTA,0.0007722007722007723
chr19_8552266,chr19,8552266,T,1,10,CTTCC,GAGAC,0.022727272727272728
chr19_10177396,chr19,10177396,A,1,10,AAAAG,GCCAC,0.022900763358778626
chr19_4430527,chr19,4430527,T,1,10,AACTC,CTCCT,0.01293103448275862
chr19_5714310,chr19,5714310,T,1,10,GTAGA,GAGAC,0.012
chr19_12880668,chr19,12880668,A,1,10,CAAAG,GTTGG,0.008695652173913044
chr19_14167068,chr19,14167068,A,1,10,AATTG,TGTGC,0.010810810810810813
chr16_72073793,chr16,72073793,GT,2,8,TGTGC,ACATG,0.032407407407407406
chr16_74302349,chr16,74302349,T,1,10,TTAGC,CAATT,0.011111111111111113
chr16_74492934,chr16,74492934,A,1,10,TAATT,TATGA,0.009523809523809523
chr16_74508939,chr16,74508939,A,1,11,AGAGG,CAAAG,0.01818181818181818
chr16_70561611,chr16,70561611,T,1,10,CTGGG,CCCCT,0.013317191283292978
chr17_5223543,chr17,5223543,T,1,10,GGTTG,CTTTT,0.00980392156862745
chr17_7403019,chr17,7403019,A,1,10,TCTTT,CTGCC,0.009375
chr17_7654444,chr17,7654444,T,1,10,TTTTG,AGACA,0.0145985401459854
chr17_3822111,chr17,3822111,T,1,10,TTGAA,AATGT,0.013333333333333334
chr16_30971750,chr16,30971750,TG,2,5,ATCGC,AGAGA,0.00425531914893617
chr16_57212898,chr16,57212898,A,1,10,GTCTC,TGAGC,0.01694915254237288
chr16_57939408,chr16,57939408,CAC,3,5,CCCAT,ACCTA,0.006349206349206349
chr16_66821565,chr16,66821565,A,1,11,TGTTT,GCAAA,0.02479338842975207
chr16_56414202,chr16,56414202,A,1,11,AGTTT,TCTAG,0.015957446808510637
chr16_46618374,chr16,46618374,A,1,11,AACCT,GCAAA,0.02766798418972332
chr16_53447019,chr16,53447019,T,1,10,ATGAC,CTTCC,0.010101010101010102
chr16_53687801,chr16,53687801,A,1,10,AGGAT,GACAT,0.01990049751243781
chr17_37411430,chr17,37411430,T,1,10,TATTA,GAGAT,0.015
chr17_37518905,chr17,37518905,A,1,10,CACAG,GTCAA,0.006779661016949152
chr17_37625851,chr17,37625851,A,1,10,TATTT,TCAGT,0.011811023622047244
chr17_37628674,chr17,37628674,A,1,11,AATCT,GATTA,0.029900332225913626
chr17_39872255,chr17,39872255,T,1,10,CTTTC,AAAGC,0.014814814814814815
chr17_37270875,chr17,37270875,A,1,10,GAAAG,TAGAA,0.006793478260869565
chr17_37210389,chr17,37210389,T,1,10,TGTGG,CCTGG,0.009933774834437088
chr17_32211031,chr17,32211031,T,1,10,AAGTC,AAGTT,0.01875
chr17_34991185,chr17,34991185,T,1,11,GCCTC,CTGGT,0.021505376344086027
chr17_35671734,chr17,35671734,T,1,10,CTCCC,CTCCT,0.01289198606271777
chr17_36581284,chr17,36581284,A,1,10,GTCTC,GAAAA,0.011513157894736841
chr17_44885341,chr17,44885341,A,1,10,AGAAG,GGTAG,0.012539184952978056
chr17_45539269,chr17,45539269,A,1,10,CAAAG,TTATT,0.016913319238900642
chr17_46247320,chr17,46247320,T,1,10,ATGAC,ACCCA,0.013888888888888888
chr17_46306192,chr17,46306192,T,1,10,AATAA,CTTTG,0.018190298507462687
chr17_46306216,chr17,46306216,T,1,10,GTGTC,AGAAA,0.011577424023154849
chr17_46335613,chr17,46335613,T,1,10,GGTGA,CTTCT,0.008241758241758242
chr17_46523767,chr17,46523767,T,1,10,AATAA,CTTTG,0.01818181818181818
chr17_46523791,chr17,46523791,T,1,10,GTGTC,AGAAA,0.011627906976744186
chr17_41884169,chr17,41884169,T,1,11,CATAA,AAAGT,0.017316017316017316
chr17_41905499,chr17,41905499,TG,2,5,AGGTA,CAAGT,0.0
chr17_16153300,chr17,16153300,A,1,11,AAATT,TCACT,0.01556420233463035
chr17_17137843,chr17,17137843,A,1,10,GCTTT,GTCCT,0.014285714285714284
chr17_17893561,chr17,17893561,T,1,10,CTCCA,CCTCC,0.014705882352941175
chr17_18430862,chr17,18430862,T,1,10,CTCTG,CTTTC,0.009523809523809523
chr17_18882510,chr17,18882510,A,1,12,ATCTT,CAAAA,0.014563106796116504
chr17_16006422,chr17,16006422,A,1,10,GGAAG,GAAGA,0.011904761904761904
chr17_8493890,chr17,8493890,T,1,10,CTGTG,AAAGG,0.011594202898550723
chr17_10639805,chr17,10639805,A,1,10,TCCTT,GAATA,0.014018691588785048
chr17_15613746,chr17,15613746,A,1,12,CCTGG,GATGG,0.027426160337552744
chr17_19947372,chr17,19947372,T,1,10,TGTCA,GCCAT,0.01939655172413793
chr17_29793955,chr17,29793955,A,1,10,AAATG,TTAAA,0.010948905109489052
chr17_31201307,chr17,31201307,T,1,10,TAGTG,AAACT,0.010344827586206895
chr17_21198865,chr17,21198865,GA,2,8,AAAGG,CAGGA,0.025
chr22_41154980,chr22,41154980,T,1,11,TGCAC,AAGTT,0.012213740458015269
chr22_42502659,chr22,42502659,C,1,10,TGGTG,AACTG,0.014285714285714284
chr22_36254862,chr22,36254862,A,1,10,ATTTC,TGAAA,0.013043478260869565
chr22_37858761,chr22,37858761,T,1,10,CGCAG,GTTTT,0.007092198581560284
chr1_93552546,chr1,93552546,T,1,10,CATGA,ACTAA,0.0125
chr1_121564923,chr1,121564923,T,1,10,ATTTC,GTTTT,0.014150943396226415
chr1_146066687,chr1,146066687,A,1,10,GAGGT,TTTAT,0.008333333333333333
chr1_148533374,chr1,148533374,A,1,10,GAGGT,TTTAT,0.007692307692307694
chr1_183529056,chr1,183529056,T,1,10,TTTGG,CTCTT,0.00911854103343465
chr1_186119970,chr1,186119970,T,1,10,CAGGC,CCCCA,0.016
chr1_198754442,chr1,198754442,T,1,10,CGGAA,CTTTT,0.0125
chr1_63446875,chr1,63446875,T,1,10,AAAGG,CAGAA,0.009375
chr22_44193756,chr22,44193756,T,1,10,GGGTG,AACCA,0.018518518518518517
chr22_44196081,chr22,44196081,A,1,10,TTGTG,TTCCC,0.009523809523809523
chr22_45432257,chr22,45432257,T,1,10,TGACC,CTCAT,0.02
chr22_32398142,chr22,32398142,T,1,10,TCCAG,AATCT,0.012658227848101266
chr21_45899581,chr21,45899581,T,1,10,TGTGA,CTTGC,0.013157894736842105
chr21_45917570,chr21,45917570,TC,2,7,CGGGG,TAGGC,0.01833976833976834
chr21_46401535,chr21,46401535,T,1,10,AGTTC,AATAG,0.011695906432748536
chr21_46644291,chr21,46644291,T,1,10,TTAAC,CCAGC,0.013157894736842105
chr22_15558601,chr22,15558601,A,1,10,GAGCC,TCGTC,0.0225
chr22_16582715,chr22,16582715,A,1,13,ATTTG,TGTTC,0.03153153153153153
chr21_33597427,chr21,33597427,GA,2,5,AAAAA,AGAAA,0.0071428571428571435
chr21_33836870,chr21,33836870,T,1,11,TTTCC,AAATC,0.01879699248120301
chr21_36053690,chr21,36053690,A,1,10,TATGG,TGTGA,0.012396694214876032
chr21_36219545,chr21,36219545,T,1,10,TGTGA,CCTCT,0.008928571428571428
chr21_36253753,chr21,36253753,T,1,10,GGAAC,CTTGG,0.010135135135135136
chr22_16646616,chr22,16646616,A,1,10,TAGAG,TAGCA,0.008968609865470852
chr21_39499764,chr21,39499764,T,1,11,GCCTG,CTTTT,0.011857707509881422
chr1_216321844,chr1,216321844,T,1,10,TACTA,AGATT,0.01818181818181818
chr22_28724937,chr22,28724937,A,1,10,AGTGG,TTCCA,0.013043478260869565
chr22_29971084,chr22,29971084,A,1,11,AGAGT,CAAAA,0.020491803278688527
chr22_30934020,chr22,30934020,AG,2,5,GCCCT,GCTTT,0.0029850746268656717
chr22_32152049,chr22,32152049,A,1,10,TGTTT,TACGT,0.03157894736842105
chr22_23292427,chr22,23292427,T,1,10,CAACC,ATTTT,0.022522522522522518
chr8_140879724,chr8,140879724,A,1,10,AAAAC,CTATA,0.011848341232227487
chr8_54137472,chr8,54137472,T,1,10,GAGGA,AGACA,0.017045454545454544
chr8_73582883,chr8,73582883,A,1,11,AAAAG,GGTGA,0.02528735632183908
chr12_8540650,chr12,8540650,T,1,10,CCCAC,AACTT,0.014285714285714284
chr14_21492900,chr14,21492900,GCT,3,6,CAGCA,TCTAT,0.0078125
chr10_115160273,chr10,115160273,T,1,10,ATGTC,AATTG,0.019230769230769232
chr11_34966858,chr11,34966858,T,1,11,TTTTC,GAGAC,0.032490974729241874
chr11_58614190,chr11,58614190,T,1,12,CTTAA,CGCCC,0.018404907975460124
chr7_87194661,chr7,87194661,T,1,10,CAATA,AATGT,0.014619883040935672
chr2_210298322,chr2,210298322,AC,2,6,ATACT,ATACT,0.015873015873015872
chr3_100850608,chr3,100850608,T,1,11,CATGA,GATGG,0.02575107296137339
chr2_28298273,chr2,28298273,A,1,11,TAGTC,TCTTA,0.020408163265306117
chr2_102342956,chr2,102342956,T,1,10,TAAGG,ACATT,0.012
chr2_199368710,chr2,199368710,A,1,10,CTCTG,TTATA,0.006211180124223602
chr6_31741385,chr6,31741385,T,1,10,ACATA,CTAGA,0.010204081632653059
chr6_47609102,chr6,47609102,T,1,10,AGAAA,ACGTT,0.012
chr6_54926547,chr6,54926547,T,1,10,TTCTG,CCTCA,0.009157509157509158
chr6_160467023,chr6,160467023,A,1,10,TGTAG,CGAAA,0.009202453987730062
chr4_102315846,chr4,102315846,A,1,10,TAAAC,TGTGA,0.015527950310559006
chr21_33509814,chr21,33509814,T,1,10,TGGCC,CAAAA,0.01261467889908257
chr20_35842552,chr20,35842552,T,1,11,GCCAA,CTGAC,0.00946372239747634
chr20_37032575,chr20,37032575,A,1,10,ATTAG,GACCA,0.017391304347826087
chr20_38497525,chr20,38497525,T,1,11,GTTTA,CTAAT,0.011435832274459974
chr20_57367112,chr20,57367112,A,1,10,ACTTT,CAAAA,0.011627906976744186
chr20_63431300,chr20,63431300,CA,2,7,AGAAC,GGGCT,0.014492753623188406
chr20_56631185,chr20,56631185,T,1,11,TCCTG,CCCTC,0.020202020202020204
chr20_47097184,chr20,47097184,TC,2,6,TTTTG,TTTTT,0.0035460992907801405
chr20_49878076,chr20,49878076,T,1,11,TTTCC,AAATT,0.019230769230769232
chr20_47249259,chr20,47249259,A,1,10,GCTGG,CAAAA,0.009259259259259259
chr19_50408690,chr19,50408690,T,1,12,AATGA,AAAGG,0.023809523809523808
chr19_47379900,chr19,47379900,GGA,3,6,CAGCT,TACGC,0.01421188630490956
chr19_54933538,chr19,54933538,CA,2,7,ATGTG,CCCAG,0.023166023166023158
chr20_25476127,chr20,25476127,TC,2,5,ATCCT,CAGCG,0.0014925373134328358
chr20_13159970,chr20,13159970,T,1,11,ACCAC,CTTTT,0.022955523672883792
chr20_10458158,chr20,10458158,T,1,10,GTAAC,CTTAA,0.006666666666666667
chr19_55709064,chr19,55709064,T,1,11,TAAAG,GTTTT,0.016233766233766232
chr20_3575750,chr20,3575750,T,1,10,TACGA,AACTT,0.011764705882352941
chr21_28966883,chr21,28966883,T,1,11,TACCA,ACTTG,0.022727272727272728
chr21_29061587,chr21,29061587,A,1,10,CCACC,TGAAC,0.022292993630573247
chr21_29537889,chr21,29537889,A,1,10,CTGAT,GAAAA,0.02
chr21_31696552,chr21,31696552,A,1,11,GGAAT,CTAAC,0.0176678445229682
chr21_14165400,chr21,14165400,A,1,10,GGGTT,CAAAG,0.01171875
chr21_10499453,chr21,10499453,T,1,13,CTGGA,CATTT,0.03296703296703297
chr16_21547841,chr16,21547841,A,1,11,GTCTC,GCAAT,0.022522522522522518
chr11_69651104,chr11,69651104,CT,2,5,CCACC,CAGGA,0.01
chr11_74273612,chr11,74273612,A,1,11,CTGAG,CAGAA,0.011278195488721804
chr11_74618458,chr11,74618458,T,1,10,ATTAG,CTTTT,0.0072815533980582535
chr11_75605742,chr11,75605742,A,1,11,GGTTT,GTTGG,0.01893939393939394
chr11_75983386,chr11,75983386,A,1,10,TTTAG,GTGAA,0.010204081632653059
chr11_68551220,chr11,68551220,A,1,10,ATTAG,CAAAA,0.008720930232558141
chr11_63382198,chr11,63382198,A,1,11,AGCAC,CCTTC,0.015643802647412757
chr11_64200350,chr11,64200350,TC,2,6,GGTTT,CTCAT,0.005208333333333333
chr11_102205869,chr11,102205869,T,1,10,ACAGA,CTTTT,0.008896797153024912
chr11_105008959,chr11,105008959,T,1,10,ACGCC,GCCAC,0.02960526315789473
chr11_108033786,chr11,108033786,T,1,11,TTATC,CAAGA,0.016528925619834708
chr11_108461399,chr11,108461399,A,1,11,GTCTT,TTGAA,0.012285012285012284
chr11_94616473,chr11,94616473,T,1,11,TTTTA,AACTT,0.01818181818181818
chr11_94496953,chr11,94496953,A,1,11,CGGGT,TTACA,0.014613778705636744
chr11_78658834,chr11,78658834,GA,2,5,AGAGT,GTAAG,0.005970149253731343
chr11_86400814,chr11,86400814,T,1,10,TTGAC,CTGTT,0.011254019292604502
chr11_89858492,chr11,89858492,T,1,14,TTCTA,ACAGG,0.027472527472527472
chr11_90071124,chr11,90071124,TC,2,8,CGTTT,TACAG,0.02083333333333333
chr11_18210241,chr11,18210241,T,1,10,ATGTC,CGGCC,0.014893617021276596
chr11_20062286,chr11,20062286,T,1,10,TCACC,CTTTT,0.017391304347826087
chr11_28091547,chr11,28091547,A,1,12,GATGT,TGGTG,0.027777777777777776
chr11_32830473,chr11,32830473,T,1,10,GGGCC,AATAT,0.01904761904761905
chr11_33057093,chr11,33057093,T,1,10,CCTCC,CACTG,0.022900763358778626
chr11_8473284,chr11,8473284,A,1,10,GGACC,TTAAA,0.013761467889908258
chr11_8473296,chr11,8473296,A,1,12,AAATT,CTTTA,0.019230769230769232
chr11_11947926,chr11,11947926,T,1,10,TTTGG,GTGCT,0.010688836104513063
chr11_14294582,chr11,14294582,A,1,12,AACTT,TCAAA,0.029411764705882363
chr11_14517987,chr11,14517987,A,1,10,TAAAG,CAAAA,0.015873015873015872
chr11_60069513,chr11,60069513,T,1,11,TGACA,ACCTC,0.022727272727272728
chr11_60415378,chr11,60415378,A,1,10,AAAAC,TCAGA,0.015
chr11_60501996,chr11,60501996,CT,2,5,TCTGG,GTGTC,0.0010362694300518132
chr11_62516707,chr11,62516707,TA,2,7,TTTGT,TGTAC,0.0198019801980198
chr11_49183245,chr11,49183245,A,1,10,TTCTG,TTGCC,0.006211180124223602
chr11_46644265,chr11,46644265,T,1,11,TTCAC,AGATT,0.02181818181818182
chr11_46645322,chr11,46645322,T,1,10,TTGTG,CTTTA,0.013043478260869565
chr11_62721662,chr11,62721662,A,1,10,CAAAG,TCAAT,0.01
chr11_47289057,chr11,47289057,T,1,10,TGATC,CTCTA,0.01006036217303823
chr12_21913083,chr12,21913083,A,1,10,AAAAG,CAGAT,0.006535947712418301
chr12_26663899,chr12,26663899,T,1,10,CAACC,AACAA,0.014285714285714284
chr12_30637202,chr12,30637202,A,1,10,TGAAG,TGTAG,0.008771929824561403
chr12_31661827,chr12,31661827,T,1,10,TTTTC,CAGAG,0.012
chr12_9239586,chr12,9239586,T,1,10,ACAAG,CTCCT,0.004166666666666668
chr12_9506747,chr12,9506747,T,1,10,TGACA,GTTTT,0.017857142857142856
chr12_10447490,chr12,10447490,TA,2,5,TCCTT,TTGTT,0.011764705882352941
chr12_14446921,chr12,14446921,T,1,11,CATGG,AATGC,0.03759398496240601
chr12_15580123,chr12,15580123,A,1,10,AGTAG,TCAGG,0.01072961373390558
chr12_49994513,chr12,49994513,A,1,10,CCTGG,GAGCT,0.01592356687898089
chr12_50473909,chr12,50473909,A,1,11,GTCTC,TTACG,0.01
chr12_50999114,chr12,50999114,A,1,11,AGGCT,CCACA,0.023529411764705882
chr12_51095291,chr12,51095291,GA,2,6,AAAAA,ATCAT,0.006493506493506494
chr12_42335866,chr12,42335866,T,1,10,AATTC,CTTTA,0.008333333333333333
chr12_43748616,chr12,43748616,A,1,10,GAAAC,CTTAG,0.015873015873015872
chr12_46364623,chr12,46364623,A,1,10,TTTCT,TCATA,0.013157894736842105
chr12_47686936,chr12,47686936,A,1,10,AGAAT,TTTCA,0.013636363636363636
chr11_119190482,chr11,119190482,AG,2,5,CAGAA,GGAAG,0.002564102564102564
chr11_125411869,chr11,125411869,GT,2,5,GGTGA,CTTGG,0.0
chr11_118755506,chr11,118755506,A,1,11,ATCTT,GATAA,0.01507537688442211
chr11_119013170,chr11,119013170,T,1,11,TAGGA,AATCA,0.017241379310344827
chr12_6548236,chr12,6548236,GA,2,7,TCAGG,GGAAG,0.024943310657596373
chr12_7062863,chr12,7062863,T,1,10,CTAGA,GTGAC,0.011312217194570135
chr12_8843109,chr12,8843109,TC,2,6,AAAAT,TTTTA,0.00546448087431694
chr11_134185530,chr11,134185530,A,1,10,GCTGG,GATAG,0.0175
chr11_134202909,chr11,134202909,A,1,10,GCTTT,TTACA,0.006382978723404255
chr11_134208953,chr11,134208953,A,1,10,GCTCT,GACGA,0.014705882352941175
chr12_354239,chr12,354239,A,1,10,CTGTT,TAAAT,0.011029411764705885
chr12_861130,chr12,861130,A,1,10,GCAAG,GCAGG,0.011146496815286623
chr12_1780869,chr12,1780869,T,1,10,ATGGA,CTGTC,0.009287925696594429
chr10_14530299,chr10,14530299,A,1,10,CTCTT,TATGC,0.016528925619834708
chr10_15071935,chr10,15071935,T,1,11,TAAAA,CTTTT,0.01976284584980237
chr10_17604049,chr10,17604049,A,1,11,CACCT,GTATT,0.024277456647398842
chr10_20835693,chr10,20835693,A,1,10,ATACT,TAGTT,0.016666666666666666
chr10_28619523,chr10,28619523,T,1,10,TCTGC,CAGGA,0.010714285714285714
chr9_137111637,chr9,137111637,A,1,10,GTCTC,CAAAC,0.0099601593625498
chr10_5456574,chr10,5456574,T,1,10,TCCAA,CAGCT,0.01293103448275862
chr10_12000038,chr10,12000038,A,1,10,AGGTT,GAGAA,0.01818181818181818
chr10_12666722,chr10,12666722,T,1,10,GTCTA,CAGGA,0.009776536312849162
chr10_48424455,chr10,48424455,T,1,11,CTTTC,ATTTT,0.023529411764705882
chr10_49472887,chr10,49472887,A,1,10,CTTTT,TAAAA,0.010714285714285714
chr10_49478554,chr10,49478554,A,1,13,TCCTT,GAATA,0.03125
chr10_49952394,chr10,49952394,T,1,10,TGAGG,AATAT,0.015384615384615384
chr10_38365412,chr10,38365412,T,1,10,AATAC,CTTTC,0.016666666666666666
chr9_110687342,chr9,110687342,T,1,10,TTACA,GAGAC,0.015
chr9_111932103,chr9,111932103,A,1,10,GAGGG,GGATT,0.023809523809523808
chr9_112143671,chr9,112143671,A,1,10,AAAAG,GGAGA,0.01818181818181818
chr9_121160122,chr9,121160122,T,1,11,ATAAC,CAAAC,0.01876675603217158
chr9_109463272,chr9,109463272,A,1,11,AAAGT,GTAGA,0.027450980392156862
chr9_100016452,chr9,100016452,A,1,10,AACAG,TTAAA,0.008333333333333333
chr9_100450496,chr9,100450496,T,1,11,ATTGG,CTCTG,0.01440922190201729
chr9_128959162,chr9,128959162,T,1,11,GTAAC,AAGAT,0.02424242424242424
chr9_130076552,chr9,130076552,T,1,10,TTTCA,GGAGT,0.015
chr9_130471411,chr9,130471411,GT,2,5,ATGGG,TGGGG,0.0039215686274509795
chr9_130668313,chr9,130668313,GT,2,8,TTGAG,GCACT,0.021621621621621626
chr9_131129575,chr9,131129575,T,1,10,TTTGG,CATGA,0.010638297872340424
chr9_131133004,chr9,131133004,T,1,10,TTTGA,ATCCA,0.015384615384615384
chr9_132648305,chr9,132648305,A,1,11,ATTGT,GAAAT,0.02545454545454545
chr9_124414010,chr9,124414010,A,1,10,CTATT,GTTTT,0.015
chr9_127447737,chr9,127447737,A,1,10,GAAAG,TCAGT,0.007117437722419929
chr10_115160024,chr10,115160024,T,1,10,TTTCA,AATAG,0.01276595744680851
chr10_116477063,chr10,116477063,T,1,10,ATTCC,CCTTA,0.021897810218978103
chr10_116930015,chr10,116930015,A,1,10,TATTT,GACTT,0.013636363636363636
chr10_118310945,chr10,118310945,A,1,11,TTCTT,TACTT,0.020202020202020204
chr10_119526159,chr10,119526159,A,1,10,ACTTT,TAAAA,0.005319148936170214
chr10_119919429,chr10,119919429,T,1,10,CATAC,AAAGA,0.014218009478672985
chr10_122237364,chr10,122237364,T,1,10,AACTG,AATTA,0.014814814814814815
chr10_109891840,chr10,109891840,A,1,10,GGGAG,GAAGA,0.014285714285714284
chr10_112394904,chr10,112394904,T,1,10,CCCTG,AAGGT,0.008130081300813009
chr10_125838166,chr10,125838166,A,1,10,GAATT,TACAA,0.013333333333333334
chr11_5778421,chr11,5778421,A,1,10,TGGCC,TACAT,0.013513513513513514
chr10_132815017,chr10,132815017,A,1,10,AAATG,CAAGT,0.013636363636363636
chr10_73139585,chr10,73139585,T,1,12,TTTAA,AACCC,0.01772464962901896
chr10_73817127,chr10,73817127,A,1,10,GGGAG,GCAGC,0.010638297872340424
chr10_69414880,chr10,69414880,AC,2,7,TGTGT,AGACT,0.03571428571428571
chr10_58388809,chr10,58388809,A,1,10,ATGAC,GTGAG,0.017811704834605598
chr10_60784633,chr10,60784633,A,1,11,TAAGG,GAAAA,0.021645021645021644
chr10_63264772,chr10,63264772,A,1,10,CCAAG,TTTCT,0.01
chr10_68760969,chr10,68760969,T,1,10,CCACC,CCGTG,0.02093023255813953
chr10_69202393,chr10,69202393,A,1,12,TTTTG,TCAGC,0.013333333333333334
chr10_69250514,chr10,69250514,CT,2,7,TGCCG,GCAGC,0.012218649517684888
chr10_100226040,chr10,100226040,A,1,10,AACAG,TTAGG,0.005102040816326529
chr10_100260187,chr10,100260187,A,1,10,AAAAC,TACAA,0.014492753623188406
chr10_100275425,chr10,100275425,A,1,10,ACATT,GACTC,0.016055045871559634
chr10_100956561,chr10,100956561,T,1,11,TTTTC,CTTAA,0.017587939698492462
chr10_102860406,chr10,102860406,T,1,10,ACAAC,AATGA,0.012376237623762377
chr10_96949351,chr10,96949351,A,1,10,GGGAG,GCATT,0.014840182648401826
chr10_89738577,chr10,89738577,AAG,3,5,ATTAA,AAACC,0.01
chr10_91989138,chr10,91989138,T,1,10,ATTTC,AATAG,0.012
chr10_92011161,chr10,92011161,T,1,10,ATTAA,AGAAA,0.011450381679389313
chr10_92081505,chr10,92081505,A,1,10,ACTGC,CAAAA,0.016666666666666666
chr10_93503414,chr10,93503414,T,1,10,CCAGA,CTTTC,0.0078125
chr10_93669874,chr10,93669874,A,1,10,TATTT,GCATA,0.009375
chr10_94688283,chr10,94688283,T,1,10,GTGAC,CCTGA,0.016483516483516484
chr15_22934021,chr15,22934021,A,1,10,ATTAC,CTATA,0.009933774834437088
chr15_28179244,chr15,28179244,A,1,10,TTAAC,GAAAA,0.01492537313432836
chr15_28182524,chr15,28182524,A,1,10,AACGG,GAAAA,0.013888888888888888
chr15_28668220,chr15,28668220,T,1,11,TCTCC,CTTTG,0.03433476394849785
chr14_96560630,chr14,96560630,T,1,10,AAAGC,AAAAA,0.014285714285714284
chr14_102959609,chr14,102959609,A,1,10,CACTT,CAATG,0.012
chr15_30113885,chr15,30113885,T,1,14,AAAAG,AACCA,0.039285714285714285
chr15_30383390,chr15,30383390,A,1,13,TGGTT,CTTTT,0.021538461538461538
chr15_40213535,chr15,40213535,T,1,10,GCCAC,CTTTT,0.013793103448275862
chr15_42244029,chr15,42244029,A,1,10,CCATT,CTGAA,0.011111111111111113
chr15_42544189,chr15,42544189,T,1,10,AACTA,CATTT,0.009523809523809523
chr15_43015641,chr15,43015641,A,1,12,AATTT,TTGAG,0.016081871345029242
chr15_43572701,chr15,43572701,T,1,12,GCAAG,AATAG,0.0198019801980198
chr15_43731896,chr15,43731896,A,1,10,AAAAG,GAAAA,0.009708737864077669
chr15_43765380,chr15,43765380,A,1,11,ATCTC,GATGG,0.021660649819494584
chr15_30582871,chr15,30582871,T,1,14,AAAAG,AACCA,0.010101010101010102
chr15_30910592,chr15,30910592,T,1,10,AAAAC,AACCA,0.01153846153846154
chr15_32635758,chr15,32635758,T,1,10,AAAAC,CTGTA,0.014285714285714284
chr14_93600542,chr14,93600542,T,1,11,TTTTC,CCTCC,0.021660649819494584
chr14_93253801,chr14,93253801,T,1,10,AAAAA,AGATA,0.008823529411764706
chr14_67659697,chr14,67659697,A,1,10,AAAGG,CAAAC,0.0196078431372549
chr14_72474609,chr14,72474609,T,1,10,ATGTG,CTCAG,0.011857707509881422
chr14_52750666,chr14,52750666,T,1,10,CCTGC,ATACA,0.014492753623188406
chr14_52768827,chr14,52768827,T,1,10,ACTTA,AGGAA,0.009523809523809523
chr14_53055920,chr14,53055920,A,1,11,GATTT,TTCAA,0.015151515151515154
chr14_56605545,chr14,56605545,T,1,11,CTTAA,AATTT,0.012684989429175477
chr14_60118604,chr14,60118604,TG,2,5,CAGCC,CAGAT,0.0
chr14_61745641,chr14,61745641,A,1,10,TGTTT,TTCAA,0.008571428571428572
chr14_55670680,chr14,55670680,T,1,10,TTGGA,CTTTG,0.009523809523809523
chr14_81487545,chr14,81487545,A,1,11,GTAAG,TCACA,0.011278195488721804
chr14_85621457,chr14,85621457,T,1,10,GTTTA,CTTTT,0.008333333333333333
chr14_89975682,chr14,89975682,A,1,10,GTTTT,GTTGA,0.009433962264150943
chr14_91001049,chr14,91001049,T,1,10,AGTAC,CCTTA,0.022857142857142857
chr14_91001177,chr14,91001177,A,1,10,AGAGG,CAAGA,0.013089005235602094
chr14_91610466,chr14,91610466,T,1,11,TTAGA,ACCGG,0.017045454545454544
chr14_92083260,chr14,92083260,A,1,10,AACCT,GGCAA,0.020361990950226245
chr14_74295986,chr14,74295986,AG,2,5,GAAAT,GGAGA,0.004081632653061225
chr14_75009301,chr14,75009301,A,1,10,CACCT,TCCTT,0.01818181818181818
chr14_75030725,chr14,75030725,A,1,11,ATGTT,GAGTG,0.02556818181818182
chr14_75651684,chr14,75651684,TC,2,6,TTTCT,CTGTG,0.0046296296296296285
chr14_75707609,chr14,75707609,T,1,11,CAAAC,AGATT,0.019656019656019656
chr14_75745595,chr14,75745595,T,1,10,CTACC,ATTCT,0.015873015873015872
chr15_44928731,chr15,44928731,T,1,10,CAATA,GGAAT,0.011363636363636364
chr15_98896734,chr15,98896734,T,1,10,TTTGA,CTTCT,0.015
chr15_99361595,chr15,99361595,A,1,10,TCTTT,TTATT,0.007407407407407408
chr15_92997085,chr15,92997085,A,1,10,TGAAG,GTGAG,0.007317073170731708
chr15_83136457,chr15,83136457,T,1,12,CTCAA,AAATG,0.025477707006369428
chr15_83890020,chr15,83890020,A,1,10,AGAGG,GTGTG,0.016129032258064516
chr15_85126401,chr15,85126401,AG,2,7,TTTCT,TTAAA,0.0091324200913242
chr15_90429574,chr15,90429574,T,1,10,TTTTC,CTAGG,0.013157894736842105
chr15_92150917,chr15,92150917,T,1,10,TCTGG,CTCTT,0.014705882352941175
chr15_92949144,chr15,92949144,T,1,10,AAGAA,CTTTT,0.011904761904761904
chr16_15048109,chr16,15048109,A,1,10,TAATT,TAAAA,0.014814814814814815
chr16_14648364,chr16,14648364,T,1,10,CTTAA,CTATT,0.00859106529209622
chr16_3300676,chr16,3300676,A,1,10,TTGGC,CCCAC,0.02666666666666667
chr16_3317101,chr16,3317101,T,1,10,GTTCC,AATCA,0.014184397163120569
chr16_4007344,chr16,4007344,A,1,10,GTAGG,CAAAA,0.008670520231213872
chr16_4113682,chr16,4113682,T,1,10,GAAGC,AATTT,0.01566265060240964
chr16_5079688,chr16,5079688,A,1,13,GTCAG,TTCTA,0.024024024024024024
chr16_14644259,chr16,14644259,T,1,10,CTCTG,CTAGA,0.007751937984496123
chr15_57253240,chr15,57253240,T,1,10,CCATG,AATCC,0.0125
chr15_58717731,chr15,58717731,A,1,10,CCTAT,CAACA,0.016129032258064516
chr15_59514274,chr15,59514274,T,1,12,TGCAA,AGATT,0.017361111111111112
chr15_59669371,chr15,59669371,A,1,10,AGTTT,CACAC,0.014018691588785048
chr15_59677850,chr15,59677850,A,1,10,CTTCC,GAATT,0.01183431952662722
chr15_62783922,chr15,62783922,CA,2,5,AGATG,CTGGT,0.006779661016949152
chr15_64425646,chr15,64425646,T,1,11,AATAC,AGAGA,0.02903225806451613
chr15_56654505,chr15,56654505,A,1,10,CCCCT,GCATT,0.024904214559386968
chr15_56654073,chr15,56654073,A,1,10,GCTTT,CAAAA,0.013793103448275862
chr15_56444524,chr15,56444524,T,1,10,CCTGC,CTTGT,0.013043478260869565
chr15_44961476,chr15,44961476,A,1,11,TTCTT,CCAAA,0.014492753623188406
chr15_52364525,chr15,52364525,A,1,10,TCATT,CAAAA,0.012903225806451613
chr15_55548997,chr15,55548997,A,1,13,CACCT,TTCAG,0.027190332326283987
chr15_75899402,chr15,75899402,T,1,11,TTAAC,CATTC,0.017361111111111112
chr15_76947387,chr15,76947387,T,1,10,GTAAC,CTTTT,0.010344827586206895
chr15_68176672,chr15,68176672,A,1,10,CATTT,GTAAT,0.013793103448275862
chr15_70699671,chr15,70699671,A,1,10,AAAGG,GTAAA,0.013736263736263736
chr15_71731270,chr15,71731270,TC,2,5,AGCCT,AATTC,0.0
chr15_71968132,chr15,71968132,A,1,10,GAATT,GAAAA,0.011029411764705885
chr15_73288609,chr15,73288609,T,1,11,AAATC,CCCTG,0.030959752321981424
chr15_70669470,chr15,70669470,A,1,11,AAAAG,GACAT,0.026373626373626374
chr14_50764015,chr14,50764015,CAA,3,5,ATAAG,AAAAG,0.009523809523809523
chr12_109904852,chr12,109904852,T,1,10,GACAC,GAACA,0.012
chr12_110486761,chr12,110486761,T,1,11,TTTAA,CTCAG,0.00821917808219178
chr12_111485343,chr12,111485343,A,1,10,GAATT,TTAAC,0.007662835249042145
chr12_111705661,chr12,111705661,T,1,10,AAGCA,CTGTT,0.015267175572519085
chr12_111871066,chr12,111871066,T,1,10,ACTCC,AATTT,0.017543859649122806
chr12_113207347,chr12,113207347,A,1,10,ATCTT,TCAAT,0.0145985401459854
chr12_109557146,chr12,109557146,AG,2,5,GGGGC,AAGCA,0.016666666666666666
chr12_100329405,chr12,100329405,A,1,10,TGGTT,GGGTG,0.0625
chr12_101204572,chr12,101204572,A,1,11,GTTGC,TTATG,0.017167381974248927
chr12_101311701,chr12,101311701,T,1,10,TGTGA,CCCTT,0.015384615384615384
chr12_101684349,chr12,101684349,TC,2,6,CGACT,CCTCT,0.006060606060606061
chr12_101789917,chr12,101789917,A,1,10,ATGTG,TCAGT,0.00851063829787234
chr12_105115573,chr12,105115573,A,1,11,TAATG,CTTTT,0.015686274509803918
chr12_105160175,chr12,105160175,T,1,10,ATGAA,AAAAA,0.007843137254901959
chr12_106967098,chr12,106967098,T,1,10,GTATG,AGGAG,0.016055045871559634
chr12_123618653,chr12,123618653,TG,2,6,TGGTA,TAGTG,0.016339869281045753
chr12_132011637,chr12,132011637,T,1,10,AGGTA,AAACA,0.011363636363636364
chr12_116111515,chr12,116111515,A,1,10,AACTG,GAAAA,0.013975155279503106
chr12_116964886,chr12,116964886,A,1,10,TAAGG,GCTTT,0.015527950310559006
chr12_119728455,chr12,119728455,A,1,10,AAAAG,TCCAC,0.008264462809917356
chr12_121999688,chr12,121999688,T,1,10,TGGTC,CCCCA,0.04779411764705882
chr12_98666377,chr12,98666377,T,1,10,TTTAC,CCTTT,0.013953488372093023
chr12_98662438,chr12,98662438,T,1,10,TAATA,AAATT,0.009375
chr12_98597829,chr12,98597829,T,1,10,TTTAA,CTTGT,0.005714285714285714
chr12_57283737,chr12,57283737,A,1,10,GTCTC,GTAAA,0.013793103448275862
chr12_64455822,chr12,64455822,T,1,10,GCAAA,CTCTT,0.006666666666666667
chr12_64474211,chr12,64474211,T,1,10,TTTTC,AATCT,0.01445086705202312
chr12_53291588,chr12,53291588,A,1,10,CTGTC,GAAAA,0.0125
chr12_54252251,chr12,54252251,A,1,10,AAATT,GGGGG,0.02
chr12_54282381,chr12,54282381,T,1,10,CTATG,AGTTC,0.01
chr12_66138156,chr12,66138156,A,1,10,ACTAT,CTATA,0.011111111111111113
chr12_56283880,chr12,56283880,A,1,10,GAAGG,GAGGC,0.01904761904761905
chr12_56327635,chr12,56327635,A,1,10,CCTAG,TTCAG,0.0049504950495049506
chr12_88079242,chr12,88079242,A,1,10,TAACC,TGTAA,0.021739130434782608
chr12_88089002,chr12,88089002,A,1,11,CTCTT,TCAAG,0.011764705882352941
chr12_89601276,chr12,89601276,A,1,11,AAATT,TCACT,0.017857142857142856
chr12_92755944,chr12,92755944,A,1,10,GGTAC,TCAAT,0.016877637130801686
chr12_94994291,chr12,94994291,T,1,10,AAAAC,AAAGC,0.014814814814814815
chr12_95059865,chr12,95059865,T,1,10,GGTTA,CTGTT,0.013043478260869565
chr12_96014822,chr12,96014822,A,1,10,AAAAG,TCATA,0.011278195488721804
chr12_96286155,chr12,96286155,A,1,11,GAATT,TTAAA,0.010101010101010102
chr12_96937430,chr12,96937430,T,1,10,GTTTG,GTTTT,0.011904761904761904
chr12_98595409,chr12,98595409,T,1,11,CTTGA,CCAAT,0.0148619957537155
chr12_68296985,chr12,68296985,A,1,11,CACTT,GGCAG,0.03571428571428571
chr12_68713851,chr12,68713851,T,1,10,ACTGA,CAGGC,0.011848341232227487
chr12_68820301,chr12,68820301,T,1,12,TGTTA,CTGTC,0.02734375
chr12_71615319,chr12,71615319,A,1,10,ACCTG,TCCAA,0.007692307692307694
chr12_66322838,chr12,66322838,T,1,11,GCTGG,GCTTT,0.021505376344086027
chr12_76059890,chr12,76059890,A,1,10,GATTT,GGCTG,0.017123287671232876
chr13_112873554,chr13,112873554,T,1,10,TGCCC,CCTTT,0.02185792349726776
chr14_18631541,chr14,18631541,A,1,10,GAGCC,TCGTC,0.024747474747474747
chr14_21076317,chr14,21076317,AC,2,5,CCAAA,AGCAG,0.0
chr14_21233887,chr14,21233887,A,1,10,AAGAC,CGTGA,0.017647058823529408
chr14_21492266,chr14,21492266,T,1,11,TTTTG,AAAGT,0.012345679012345678
chr13_97366613,chr13,97366613,A,1,10,TATTT,TTCTC,0.008823529411764706
chr13_99318002,chr13,99318002,T,1,10,TTGCC,CTTTT,0.014619883040935672
chr13_102604947,chr13,102604947,T,1,13,TTGAA,ACTCT,0.03023758099352052
chr13_102649251,chr13,102649251,T,1,10,AGTCA,GGCTG,0.017441860465116282
chr14_34786099,chr14,34786099,A,1,10,CAAAC,CAAAA,0.016
chr14_39128266,chr14,39128266,T,1,11,CCCTC,AGGCA,0.027638190954773868
chr14_39319297,chr14,39319297,T,1,11,TAGTC,ACCCC,0.02797202797202797
chr14_45028353,chr14,45028353,T,1,10,TGGTA,CTAGT,0.010044642857142858
chr14_45173084,chr14,45173084,CT,2,6,ATCAA,GAATG,0.007936507936507936
chr14_45246815,chr14,45246815,T,1,11,TGCAA,CAACT,0.0099009900990099
chr14_49583678,chr14,49583678,A,1,11,AACTG,GCAGA,0.02393617021276596
chr14_49600562,chr14,49600562,A,1,10,ACTGT,GAATA,0.0064516129032258064
chr14_49799423,chr14,49799423,A,1,10,CAATT,GAAAA,0.011904761904761904
chr14_23348002,chr14,23348002,GA,2,5,TTTGG,GGAGC,0.00909090909090909
chr14_31293294,chr14,31293294,A,1,10,ATTCC,TCAGA,0.013986013986013986
chr13_77007796,chr13,77007796,A,1,10,GAAAG,TTATT,0.007853403141361256
chr13_26385188,chr13,26385188,T,1,10,CATGA,ATTAT,0.01320754716981132
chr13_28035676,chr13,28035676,A,1,10,AGCTG,TAGCA,0.012
chr13_30462714,chr13,30462714,A,1,10,GAACT,TTAAT,0.008
chr13_31802291,chr13,31802291,A,1,10,AAATT,GTTTA,0.006993006993006993
chr13_32319060,chr13,32319060,T,1,10,TGGGA,AAATA,0.012195121951219513
chr13_32333398,chr13,32333398,T,1,11,CTGTC,GTAAA,0.02782324058919804
chr13_33823925,chr13,33823925,A,1,10,CATCT,TTGAA,0.012422360248447204
chr13_37006206,chr13,37006206,T,1,10,AGGGA,GTGGG,0.0206896551724138
chr12_132798480,chr12,132798480,A,1,10,ACCTT,CCCAC,0.011780104712041885
chr13_19187106,chr13,19187106,T,1,10,TGTGA,CAGCA,0.008264462809917356
chr13_19852207,chr13,19852207,A,1,10,AAAAG,GTTCT,0.00929368029739777
chr13_23593331,chr13,23593331,T,1,10,TTAAA,CAGTC,0.008196721311475409
chr13_23836359,chr13,23836359,A,1,12,ACAAG,GTTGG,0.023529411764705882
chr13_24789328,chr13,24789328,T,1,10,AATGA,AAATT,0.009950248756218905
chr13_24841966,chr13,24841966,A,1,11,TCTCC,TTGCC,0.015424164524421594
chr13_37028108,chr13,37028108,T,1,11,CCTTA,CCAGT,0.012875536480686695
chr13_49732785,chr13,49732785,A,1,10,AAAAG,TAGTT,0.017391304347826087
chr13_50943276,chr13,50943276,T,1,10,GTTTA,AATTC,0.007936507936507936
chr13_51451194,chr13,51451194,T,1,11,TAAGA,CATTT,0.014234875444839857
chr13_71488934,chr13,71488934,A,1,10,TTTGG,TCTAC,0.009345794392523364
chr13_72908712,chr13,72908712,T,1,10,ACAAC,CTGGC,0.012987012987012988
chr13_72973577,chr13,72973577,T,1,10,TGGGG,CAGCA,0.009911894273127754
chr13_73036367,chr13,73036367,AC,2,7,TCAAA,GAGTT,0.017301038062283742
chr13_73075616,chr13,73075616,T,1,10,CAAGA,CTTTG,0.008027522935779817
chr13_75560724,chr13,75560724,T,1,10,CATTG,CTTTC,0.00539568345323741
chr13_75605709,chr13,75605709,T,1,10,CATAC,CCTCC,0.022222222222222227
chr13_49350729,chr13,49350729,A,1,10,GTTGG,TTACC,0.007658643326039388
chr13_37597164,chr13,37597164,A,1,10,TTATG,GAGAC,0.015527950310559006
chr13_42174195,chr13,42174195,A,1,10,TTGAG,GAAAG,0.009009009009009007
chr13_45975477,chr13,45975477,CT,2,6,TCTCC,TCTCT,0.014285714285714284
chr14_61457375,chr14,61457375,TG,2,7,GGGGG,CACGC,0.029761904761904764
chr20_48652447,chr20,48652447,A,1,10,AAAGG,CAAAC,0.01056338028169014
chr9_84278146,chr9,84278146,T,1,10,GCTTC,CTTTC,0.015873015873015872
chr6_89781352,chr6,89781352,A,1,10,CTCAC,GAAAG,0.022222222222222227
chr7_23783563,chr7,23783563,T,1,11,AAAAC,AACTT,0.02613240418118467
chr7_152187194,chr7,152187194,A,1,12,CAGTT,GGTAT,0.04807692307692308
chr8_27788742,chr8,27788742,A,1,10,GCAGG,TTAGG,0.008620689655172414
chr8_89921056,chr8,89921056,T,1,11,GTACA,AAACT,0.014804845222072678
chr7_81968975,chr7,81968975,A,1,10,TTTCT,TAAAT,0.010309278350515464
chr5_96994058,chr5,96994058,T,1,11,AATTC,AAGCA,0.013812154696132596
chr3_136946350,chr3,136946350,GA,2,5,AAAAA,AATGG,0.005882352941176471
chr2_216160048,chr2,216160048,T,1,10,AGAAA,CTTTT,0.010263929618768328
chr2_238016513,chr2,238016513,T,1,10,TTTCC,AATTT,0.015625
chr5_53074992,chr5,53074992,T,1,10,AAACA,CACGT,0.01818181818181818
chr4_107903125,chr4,107903125,A,1,10,AAAAG,TCACA,0.008875739644970414
chr4_20882579,chr4,20882579,A,1,11,GGAGG,CAAAA,0.026402640264026403
chr4_23824220,chr4,23824220,AC,2,6,TTATT,ATATA,0.012578616352201259
chr16_15044314,chr16,15044314,A,1,10,GAAAG,TGAAC,0.01485148514851485
chr14_75954538,chr14,75954538,T,1,11,TAGTA,GCTGC,0.027210884353741496
chr13_99238595,chr13,99238595,T,1,12,GACAG,CTTTC,0.015250544662309368
chr10_96548006,chr10,96548006,A,1,10,AAAAG,TTAAA,0.007246376811594203
chr10_88274910,chr10,88274910,A,1,11,TCCTT,TCAAA,0.01702127659574468
chr9_114918193,chr9,114918193,T,1,10,ACAAC,CTTTT,0.010638297872340424
chr10_12100274,chr10,12100274,T,1,10,TTTTC,CTGTT,0.016528925619834708
chr12_115980954,chr12,115980954,A,1,10,AATAC,CAAAA,0.00980392156862745
chr12_39322614,chr12,39322614,T,1,10,CATAC,AAAGC,0.017391304347826087
chr11_102525100,chr11,102525100,T,1,10,ACTGA,CTCCA,0.009868421052631578
chr11_105007313,chr11,105007313,T,1,10,AACTG,GTGGT,0.011904761904761904
chr2_177499600,chr2,177499600,T,1,13,ATAAA,GTAGT,0.023529411764705882
chr4_27003115,chr4,27003115,A,1,10,ACATT,TCACT,0.02
chr5_96979089,chr5,96979089,T,1,10,TGAGC,CTAAC,0.008823529411764706
chr6_130440387,chr6,130440387,T,1,10,TTTCC,CTTCT,0.013774104683195593
chr3_160366169,chr3,160366169,A,1,10,AAAAG,GGCTG,0.012658227848101266
chr2_37997332,chr2,37997332,AC,2,5,ACATA,GTCTA,0.002941176470588236
chr2_157534054,chr2,157534054,A,1,10,GAGAG,TCAAA,0.010135135135135136
chr2_196926629,chr2,196926629,CCG,3,6,CACCA,CCCCC,0.02032520325203252
chr7_44114165,chr7,44114165,GAG,3,5,AGGAA,AAAGA,0.012244897959183671
chr12_62391479,chr12,62391479,T,1,10,TGTTA,AGGTG,0.01801801801801801
chr13_45207404,chr13,45207404,T,1,10,AATCC,CCATT,0.023952095808383242
chr9_67901392,chr9,67901392,GA,2,5,AGTAT,AAACA,0.0012232415902140672
chr10_66766440,chr10,66766440,T,1,10,TCAGG,CCAGG,0.01832460732984293
chr1_113580519,chr1,113580519,T,1,10,CCTAC,CTTTT,0.012903225806451613
chr14_96328540,chr14,96328540,A,1,12,CTTTT,GAAAA,0.022598870056497168
chr15_56428351,chr15,56428351,T,1,10,ATTGA,AACAG,0.01201923076923077
chr15_73126400,chr15,73126400,T,1,14,GTTAA,AGATC,0.03205128205128205
chr20_3584630,chr20,3584630,T,1,11,GCAAC,AATAG,0.017114914425427872
chr9_40265390,chr9,40265390,GA,2,5,AGTAT,AAACA,0.0010582010582010585
chr15_61958733,chr15,61958733,A,1,10,ATGTT,CTATA,0.009433962264150943
chr16_31188289,chr16,31188289,T,1,10,TTTTG,GTTCT,0.014893617021276596
chr1_12349411,chr1,12349411,T,1,10,TTGCC,CTTTT,0.017006802721088437
chr1_222994863,chr1,222994863,T,1,10,TTTCC,CATAT,0.011363636363636364
chr2_8776980,chr2,8776980,A,1,10,ATAAC,TCCAA,0.014018691588785048
chr5_1243493,chr5,1243493,GT,2,5,CAGGC,GGTGG,0.00909090909090909
chr20_21163172,chr20,21163172,T,1,10,TTCAA,CTACT,0.005376344086021507
chr12_96945891,chr12,96945891,T,1,10,ACTTG,AGATG,0.017391304347826087
chr3_132477961,chr3,132477961,T,1,10,TGAAC,AAAAT,0.00816326530612245
chr4_154584835,chr4,154584835,A,1,10,AGTCT,TTAAG,0.012658227848101266
chr3_128899488,chr3,128899488,GT,2,6,TGCGC,AAGGG,0.015873015873015872
chr6_83580368,chr6,83580368,GA,2,10,GAGAT,AACAA,0.0380952380952381
chr4_94585540,chr4,94585540,T,1,10,TTTAA,CTCCT,0.009523809523809523
chr12_22202047,chr12,22202047,A,1,10,TGAAG,CTGTT,0.008130081300813009
chr9_12972769,chr9,12972769,A,1,10,CATGG,CCACA,0.011261261261261259
chr22_26623213,chr22,26623213,T,1,10,CCACC,CCTGG,0.017128874388254486
chr17_58611365,chr17,58611365,A,1,10,CCACG,GGACT,0.024
chr17_59685041,chr17,59685041,T,1,11,ATGGC,AAGGC,0.023643949930458968
chr19_968358,chr19,968358,A,1,11,GTCTC,GAAAA,0.023696682464454968
chr16_31407979,chr16,31407979,T,1,11,CAGGC,GAGAT,0.031818181818181815
chr22_29731356,chr22,29731356,AG,2,7,GCCCT,AAGCG,0.024489795918367342
chr2_241324200,chr2,241324200,T,1,10,GTGTG,AACAG,0.014619883040935672
chr2_238332804,chr2,238332804,T,1,14,TTGAA,AATAG,0.02830188679245283
chr6_148440274,chr6,148440274,T,1,10,CTGCC,AAGTG,0.018421052631578942
chr3_1227799,chr3,1227799,T,1,10,CTTTA,CCTTG,0.014251781472684088
chr2_241704568,chr2,241704568,A,1,10,ATCTC,GACAG,0.011737089201877934
chr6_154168120,chr6,154168120,A,1,11,ATTTG,GAAAG,0.01643192488262911
chr6_154822427,chr6,154822427,T,1,10,TGGGG,CTTGT,0.005725190839694657
chr2_237368509,chr2,237368509,A,1,10,TAACT,TGTTG,0.016129032258064516
chr2_237096803,chr2,237096803,T,1,10,GTACA,GAATT,0.0206896551724138
chr2_233837657,chr2,233837657,A,1,10,CTAGG,GACAA,0.016
chr6_137198367,chr6,137198367,CT,2,6,AAGAA,ATTGG,0.005847953216374269
chr3_24228921,chr3,24228921,A,1,11,AATGT,GATAC,0.023291925465838508
chr3_31668904,chr3,31668904,T,1,11,AGAGA,AATCA,0.018072289156626502
chr3_30650379,chr3,30650379,A,1,10,GAAGG,GCCTG,0.015189873417721518
chr3_28263277,chr3,28263277,T,1,10,AGATC,CAGAC,0.014218009478672985
chr3_10260121,chr3,10260121,T,1,10,TTCTG,CCCAG,0.01015228426395939
chr3_8959083,chr3,8959083,A,1,10,CCCCT,TCAAA,0.00909090909090909
chr3_15439091,chr3,15439091,T,1,11,CTTTA,AAATA,0.008522727272727272
chr3_14689975,chr3,14689975,TC,2,6,AAGAA,CCACT,0.006493506493506494
chr6_143844661,chr6,143844661,T,1,10,AATAG,CTTTT,0.007317073170731708
chr6_143858053,chr6,143858053,T,1,11,TTAAA,AATAC,0.012987012987012988
chr2_231077009,chr2,231077009,T,1,10,TTTCA,GTTTG,0.009523809523809523
chr7_2945755,chr7,2945755,AC,2,8,CACAG,GCCCC,0.024174053182917002
chr2_208248324,chr2,208248324,A,1,10,CCATG,CATGC,0.010471204188481676
chr7_5048169,chr7,5048169,T,1,11,TTACC,CTTTT,0.022727272727272728
chr7_607321,chr7,607321,T,1,10,TGCTA,AAGTG,0.017241379310344827
chr2_214410108,chr2,214410108,TC,2,7,TTCAT,CTCTC,0.011904761904761904
chr6_169715861,chr6,169715861,A,1,10,GCTGG,TACAG,0.016556291390728478
chr2_201761843,chr2,201761843,A,1,10,AAAAG,GGGTT,0.014705882352941175
chr7_6430427,chr7,6430427,T,1,10,ATAGC,AAGGG,0.017391304347826087
chr2_201209025,chr2,201209025,TC,2,8,CCCTT,TTTTT,0.00625
chr2_203292245,chr2,203292245,T,1,11,TTGGA,CACAG,0.015135135135135137
chr2_202942718,chr2,202942718,T,1,10,AGTGA,CCTTA,0.013513513513513514
chr7_5938628,chr7,5938628,A,1,10,AAAAG,TCTTG,0.007894736842105262
chr2_202815831,chr2,202815831,A,1,13,TGGTT,GTTTC,0.04363636363636364
chr2_202759397,chr2,202759397,T,1,10,TGAGC,GAGAT,0.016
chr2_227104055,chr2,227104055,A,1,10,CCCTT,GCAAG,0.017045454545454544
chr6_159779828,chr6,159779828,A,1,10,AAGGG,TTGAA,0.00909090909090909
chr6_159736245,chr6,159736245,T,1,10,GCAAC,AGGAT,0.015046296296296297
chr2_231075581,chr2,231075581,T,1,11,TGTGC,CCTTT,0.02868852459016393
chr2_230200787,chr2,230200787,A,1,10,TAATG,GTTAA,0.014705882352941175
chr2_222293705,chr2,222293705,CT,2,7,GAGTA,CCTTT,0.015873015873015872
chr6_167954427,chr6,167954427,T,1,11,CTTTC,CTTTC,0.02066115702479339
chr6_155407288,chr6,155407288,A,1,10,TTTAG,TAAGA,0.009615384615384616
chr6_165396474,chr6,165396474,A,1,10,AATCC,CCCCC,0.015
chr6_88143811,chr6,88143811,A,1,11,AGCTT,TTCTT,0.017964071856287425
chr6_89377822,chr6,89377822,A,1,10,AATTT,GTTGC,0.015151515151515154
chr3_62292401,chr3,62292401,T,1,10,GTATC,CTCCC,0.010940919037199123
chr3_58134591,chr3,58134591,GT,2,8,CTAGG,CTATC,0.015625
chr6_89637675,chr6,89637675,A,1,11,AACTT,TTCAC,0.014588859416445625
chr3_65387174,chr3,65387174,TC,2,7,TGATT,ACCCT,0.023809523809523808
chr6_96610452,chr6,96610452,T,1,10,TGATC,CTTTT,0.01293103448275862
chr3_53857599,chr3,53857599,CT,2,6,CTTGA,TAAGC,0.010416666666666666
chr3_53497115,chr3,53497115,A,1,11,CATTT,TCTTT,0.024
chr3_52693173,chr3,52693173,T,1,10,TTTGG,AAGGT,0.00954653937947494
chr3_52662294,chr3,52662294,A,1,11,AAGAG,CACTT,0.018617021276595744
chr6_96523309,chr6,96523309,T,1,11,TAGTG,CTTGG,0.021798365122615803
chr6_90553590,chr6,90553590,A,1,10,CCTAG,GGTAG,0.012145748987854251
chr6_93257531,chr6,93257531,A,1,11,AAATT,GTTTC,0.020527859237536656
chr3_56619254,chr3,56619254,T,1,10,TACTA,AAATA,0.012903225806451613
chr3_77493229,chr3,77493229,T,1,10,TTTCA,CAAGA,0.008670520231213872
chr3_101565164,chr3,101565164,A,1,10,ACAGC,TATTT,0.015151515151515154
chr6_70240672,chr6,70240672,A,1,10,ACCAG,TCTTA,0.007352941176470587
chr6_70130232,chr6,70130232,T,1,12,TCAGA,AGATG,0.04301075268817205
chr3_100719953,chr3,100719953,T,1,12,CAACC,AAATT,0.0273972602739726
chr6_69749317,chr6,69749317,A,1,12,GGTTT,TCAAG,0.030555555555555555
chr3_108456887,chr3,108456887,A,1,10,CCTGG,GAGTC,0.010978043912175649
chr3_100290766,chr3,100290766,T,1,10,GTGGG,CAAGG,0.008264462809917356
chr6_80013228,chr6,80013228,T,1,10,GAAAA,CAAAT,0.0061224489795918356
chr6_80127525,chr6,80127525,T,1,10,AATGA,GATTT,0.015151515151515154
chr3_78646203,chr3,78646203,A,1,10,TTACG,GGAAC,0.014634146341463415
chr6_83407915,chr6,83407915,CA,2,8,AAAAA,ACAGT,0.011061946902654869
chr3_52643408,chr3,52643408,AC,2,5,AACAA,AACCA,0.00625
chr6_119180444,chr6,119180444,A,1,10,GGAGG,GTCAC,0.014285714285714284
chr3_41715353,chr3,41715353,A,1,10,TCAAT,TGTTT,0.008620689655172414
chr3_41819492,chr3,41819492,T,1,10,GGTTC,CTTCC,0.014084507042253518
chr6_116705054,chr6,116705054,T,1,11,GATAA,CCTAA,0.01801801801801801
chr6_116795849,chr6,116795849,A,1,10,AAGTG,TCACA,0.008620689655172414
chr6_118632663,chr6,118632663,T,1,10,GAAGA,ACCTT,0.014150943396226415
chr3_42561043,chr3,42561043,A,1,10,TAGTG,TCAAC,0.00949367088607595
chr6_130104395,chr6,130104395,T,1,10,TGTTC,CTTTT,0.009852216748768471
chr6_131718750,chr6,131718750,T,1,10,ACTGC,AACTT,0.024
chr3_37319205,chr3,37319205,T,1,11,GACTA,CTGCT,0.017921146953405017
chr3_38141306,chr3,38141306,GT,2,5,CCTGG,ATCTG,0.0028985507246376808
chr3_38096468,chr3,38096468,T,1,10,CAGTG,CACAA,0.009708737864077669
chr3_37957088,chr3,37957088,T,1,10,AATGA,CTTTT,0.007936507936507936
chr3_37803773,chr3,37803773,A,1,10,GTCTC,TAAAA,0.010714285714285714
chr3_37508536,chr3,37508536,T,1,12,CTAGA,CATTC,0.028571428571428567
chr6_107893550,chr6,107893550,T,1,10,GTAGG,AAAGG,0.01098901098901099
chr3_52212537,chr3,52212537,T,1,10,TTTAG,GAGAC,0.01592356687898089
chr6_111363991,chr6,111363991,CA,2,7,AAAAA,GCCAG,0.015197568389057753
chr3_47329923,chr3,47329923,T,1,10,TCTAA,CTTTC,0.00746268656716418
chr6_112616772,chr6,112616772,T,1,10,CCTTC,CTGGG,0.01
chr6_116437395,chr6,116437395,A,1,11,TATGC,TTTCT,0.015686274509803918
chr6_116590250,chr6,116590250,T,1,11,GTGAC,ATTTC,0.019656019656019656
chr6_111265812,chr6,111265812,T,1,10,TGAAC,AATAA,0.010344827586206895
chr3_48184703,chr3,48184703,A,1,10,TGGGG,CCTCT,0.013513513513513514
chr3_47772702,chr3,47772702,T,1,11,TTTGC,AAATT,0.022727272727272728
chr2_99418952,chr2,99418952,A,1,10,CTATT,GTCAT,0.016245487364620937
chr2_99462681,chr2,99462681,A,1,11,TTTTG,TTTTA,0.012244897959183671
chr2_99171684,chr2,99171684,T,1,10,GACCA,ACACA,0.014814814814814815
chr2_99464999,chr2,99464999,A,1,10,GGAGG,TGTCA,0.012152777777777778
chr7_73195525,chr7,73195525,A,1,10,TCAAC,TAAGA,0.014388489208633094
chr7_73253702,chr7,73253702,T,1,10,CTGAA,CTTTT,0.008333333333333333
chr2_97776061,chr2,97776061,T,1,10,GTTTC,GAGAT,0.01485148514851485
chr2_95479424,chr2,95479424,A,1,10,GAGAG,TGACT,0.011251758087201124
chr2_95597302,chr2,95597302,T,1,10,AGTCA,CTCTC,0.011764705882352941
chr2_95117956,chr2,95117956,A,1,11,ATTGG,TTTAA,0.012024048096192385
chr2_91699879,chr2,91699879,T,1,13,TTCCA,GCTAC,0.04
chr7_74705143,chr7,74705143,T,1,12,TCCAA,GTATG,0.027874564459930317
chr2_96328312,chr2,96328312,A,1,10,CCATT,CAGAG,0.010256410256410256
chr2_101269194,chr2,101269194,T,1,11,TAACA,CCTTT,0.018691588785046728
chr2_110540200,chr2,110540200,A,1,10,GGAAG,TCAAA,0.003846153846153847
chr2_110515665,chr2,110515665,A,1,10,CAAAG,GAAAA,0.01015228426395939
chr2_110543445,chr2,110543445,A,1,10,TACTG,TAAAA,0.004366812227074236
chr2_109855831,chr2,109855831,T,1,10,TTTTC,CTTTG,0.01146788990825688
chr2_109831296,chr2,109831296,T,1,10,TTTGA,CTTCC,0.0032
chr2_109828051,chr2,109828051,T,1,10,TTTTA,CAGTA,0.004862236628849271
chr2_111867978,chr2,111867978,A,1,10,AAGTC,GAGCT,0.018691588785046728
chr2_106433020,chr2,106433020,A,1,10,ATACT,TAAAA,0.007216494845360825
chr7_72575765,chr7,72575765,A,1,10,CCTAG,TGAAT,0.006024096385542169
chr7_72694830,chr7,72694830,T,1,11,AGTAA,AAAGG,0.02631578947368421
chr2_106470958,chr2,106470958,A,1,10,TGTGG,TACTG,0.014018691588785048
chr2_108804868,chr2,108804868,T,1,10,GAGAG,CTCCT,0.011589403973509934
chr2_107862936,chr2,107862936,T,1,10,TTTTA,AGTAT,0.009054325955734409
chr7_92084778,chr7,92084778,T,1,13,TTTGA,AACAG,0.022889842632331903
chr2_64108156,chr2,64108156,A,1,10,ATTCC,GTACT,0.017391304347826087
chr2_70229320,chr2,70229320,A,1,12,TTCCT,TTTCT,0.021739130434782608
chr7_90352802,chr7,90352802,T,1,10,TTCTC,AAGTA,0.009485094850948507
chr7_87700583,chr7,87700583,T,1,10,TTCTA,CATTG,0.01091901728844404
chr7_93253937,chr7,93253937,A,1,10,TAAGT,CACAT,0.01324503311258278
chr2_55680664,chr2,55680664,A,1,10,TACTG,TACAC,0.017391304347826087
chr2_61081434,chr2,61081434,T,1,15,TCTAA,AGAGC,0.047142857142857146
chr2_61838480,chr2,61838480,A,1,10,TGATT,GAGTT,0.010714285714285714
chr2_86977834,chr2,86977834,T,1,11,TTTTA,AGTAT,0.009252120277563608
chr2_86900764,chr2,86900764,T,1,10,CAGTA,CCACA,0.01
chr2_89623765,chr2,89623765,A,1,10,AAATG,TCCAG,0.007692307692307694
chr2_87792075,chr2,87792075,A,1,11,ATACT,TAAAA,0.012974051896207584
chr7_75883887,chr7,75883887,A,1,10,TTTTT,TTATT,0.00641025641025641
chr2_73730753,chr2,73730753,A,1,10,AAATG,CACAA,0.007246376811594203
chr2_73408771,chr2,73408771,T,1,11,CTAAC,GATAA,0.015781922525107604
chr7_75193019,chr7,75193019,T,1,13,ACTGC,ATGGT,0.08262108262108261
chr2_74527691,chr2,74527691,A,1,11,GGCCG,CCCCA,0.01575757575757576
chr2_112370232,chr2,112370232,A,1,10,CAAAG,GAAAA,0.00909090909090909
chr2_173229653,chr2,173229653,T,1,10,ATTAC,CATTT,0.017964071856287425
chr2_176130954,chr2,176130954,T,1,10,ATGCA,AAGAA,0.01824817518248175
chr2_172472941,chr2,172472941,T,1,11,TTAAA,GATCC,0.011111111111111113
chr7_23611235,chr7,23611235,T,1,10,TTTTC,CAAGT,0.00909090909090909
chr7_23199444,chr7,23199444,T,1,10,CACAC,CAGCT,0.011070110701107009
chr2_178614019,chr2,178614019,T,1,10,CATCC,ATCAG,0.012626262626262626
chr2_178593873,chr2,178593873,A,1,10,TGCAG,TCATG,0.010714285714285714
chr7_21707863,chr7,21707863,T,1,10,CTCAA,CTATC,0.009433962264150943
chr7_22167156,chr7,22167156,A,1,10,CAAAG,CAAAC,0.009009009009009007
chr2_177538226,chr2,177538226,T,1,10,GTCAA,AAGTT,0.008108108108108109
chr7_24852583,chr7,24852583,TC,2,5,CAGTT,CGCTG,0.0035714285714285718
chr2_164508855,chr2,164508855,A,1,10,TCCTT,GTATT,0.01544943820224719
chr2_170996763,chr2,170996763,A,1,10,GGCTT,TTAAA,0.012711864406779662
chr7_26197874,chr7,26197874,A,1,10,GGGGG,CTTAC,0.011111111111111113
chr7_26211797,chr7,26211797,T,1,11,GTAGC,AATTT,0.01818181818181818
chr2_191363707,chr2,191363707,T,1,10,GTTGC,CTCTC,0.017699115044247787
chr2_190212935,chr2,190212935,T,1,10,TGACA,AAATT,0.009523809523809523
chr7_10982345,chr7,10982345,T,1,10,TGTGG,CTCAT,0.008333333333333333
chr7_6786139,chr7,6786139,T,1,10,CAAGA,CTTTT,0.00625
chr2_200497700,chr2,200497700,T,1,10,TTGTC,AAAGT,0.015476190476190475
chr2_197399991,chr2,197399991,A,1,10,TTACG,GAAAA,0.017094017094017096
chr2_189852791,chr2,189852791,A,1,10,TTTAG,TTATT,0.005813953488372093
chr2_185824531,chr2,185824531,T,1,10,ATGTG,AGTTA,0.015384615384615384
chr2_186667129,chr2,186667129,T,1,11,TTAAG,CTTTT,0.016835016835016838
chr2_189458735,chr2,189458735,T,1,10,ATTTG,CTCCT,0.01
chr2_189062836,chr2,189062836,CA,2,8,ATTCT,AAAAT,0.007692307692307694
chr2_161423339,chr2,161423339,CT,2,8,CTCGG,CCCTA,0.030555555555555555
chr2_127247214,chr2,127247214,T,1,11,CTTTC,AAATG,0.020527859237536656
chr2_131125738,chr2,131125738,T,1,10,TACTA,CCAGG,0.012345679012345678
chr7_50376483,chr7,50376483,T,1,10,TTGAG,GCAAT,0.01
chr2_113934198,chr2,113934198,T,1,12,ACTAG,CGATT,0.026066350710900472
chr2_113742699,chr2,113742699,A,1,10,AAAGC,GCTAA,0.01650485436893204
chr2_112659029,chr2,112659029,AG,2,6,GCTCC,GCTTC,0.010309278350515464
chr2_112398008,chr2,112398008,A,1,10,TACTG,TAAAA,0.006230529595015576
chr2_112394763,chr2,112394763,A,1,10,GGAAG,TCAAA,0.003508771929824561
chr7_55984796,chr7,55984796,T,1,10,CTGTA,CACAG,0.010714285714285714
chr7_56058343,chr7,56058343,T,1,10,GTAAC,CTTAA,0.01
chr7_33036022,chr7,33036022,A,1,10,AAGAG,GTACA,0.012422360248447204
chr7_33152676,chr7,33152676,T,1,11,CTATC,AAATT,0.03571428571428571
chr2_161224617,chr2,161224617,T,1,11,GTTGA,AGGGG,0.015985790408525755
chr2_157550089,chr2,157550089,T,1,10,CAACA,GAGAC,0.017391304347826087
chr2_151553529,chr2,151553529,A,1,10,ATCAG,TTGAC,0.009433962264150943
chr2_135920387,chr2,135920387,T,1,10,AAGAA,AAAGG,0.017948717948717947
chr2_151251573,chr2,151251573,T,1,10,CGGGA,CAGGT,0.006756756756756757
chr2_140868061,chr2,140868061,A,1,11,TAAGT,TACAG,0.03519061583577713
chr6_57161197,chr6,57161197,T,1,10,CTGTA,AAATT,0.011210762331838564
chr5_131521524,chr5,131521524,A,1,10,AGCTG,TAATT,0.01
chr5_132591858,chr5,132591858,T,1,10,AAAGA,ACCTA,0.014285714285714284
chr5_132588671,chr5,132588671,T,1,10,TGAGA,AAAAG,0.012396694214876032
chr4_94249632,chr4,94249632,T,1,10,TTTTC,CTCCC,0.015625
chr5_127511417,chr5,127511417,A,1,10,CAAAT,GATGC,0.014285714285714284
chr5_127530427,chr5,127530427,T,1,10,TGCCA,AAGGG,0.013636363636363636
chr5_127786337,chr5,127786337,A,1,10,GACAG,GAGAG,0.017045454545454544
chr5_134697264,chr5,134697264,T,1,10,AATGA,CCGTT,0.011583011583011579
chr5_134698066,chr5,134698066,T,1,10,GAATA,GCGTA,0.012048192771084338
chr4_80202095,chr4,80202095,CAG,3,6,AAGAC,GAGGC,0.016666666666666666
chr4_80201859,chr4,80201859,GT,2,8,TGTGC,GCGTG,0.045454545454545456
chr4_78926480,chr4,78926480,A,1,11,AAAGG,GAGAA,0.027450980392156862
chr5_134671903,chr5,134671903,T,1,10,GAAAG,AATCT,0.01
chr5_132998917,chr5,132998917,T,1,10,TTTCA,CTTTT,0.010714285714285714
chr4_98293386,chr4,98293386,T,1,11,TCTGA,CTTTA,0.02545454545454545
chr4_98881149,chr4,98881149,A,1,11,AGAAG,GAAGA,0.02736318407960199
chr4_99127193,chr4,99127193,A,1,10,TGAAG,CTGAC,0.007874015748031496
chr5_110756780,chr5,110756780,T,1,10,TGTCA,ATTTA,0.008695652173913044
chr5_114404914,chr5,114404914,A,1,10,GTAAG,TTTTA,0.0071428571428571435
chr5_113385280,chr5,113385280,A,1,10,TAATG,GGTAT,0.01650943396226415
chr4_119320651,chr4,119320651,A,1,11,CTCAT,TTCTT,0.022357723577235773
chr5_109180917,chr5,109180917,T,1,10,CCACA,AATGG,0.0125
chr5_109337362,chr5,109337362,A,1,10,TGGAG,TGTTA,0.013157894736842105
chr5_119529869,chr5,119529869,T,1,10,AAATC,CTTCT,0.009868421052631578
chr5_123007648,chr5,123007648,T,1,10,TTTTC,CTTTT,0.007692307692307694
chr5_119193900,chr5,119193900,ATG,3,6,TGACA,TTTTA,0.01282051282051282
chr4_103091152,chr4,103091152,TGG,3,6,TATCC,TCTTA,0.008130081300813009
chr4_107701298,chr4,107701298,A,1,10,AAAAG,TTCTA,0.006024096385542169
chr4_106116381,chr4,106116381,A,1,10,GACTG,TGTAC,0.0206896551724138
chr4_103176060,chr4,103176060,A,1,10,TAGAG,TTTGT,0.008695652173913044
chr5_119116141,chr5,119116141,T,1,10,TTTTG,CCTTA,0.007692307692307694
chr5_119151887,chr5,119151887,T,1,10,TACAA,AATAC,0.015
chr5_142131960,chr5,142131960,A,1,12,AGTTT,GCTTC,0.028112449799196783
chr4_55411599,chr4,55411599,T,1,10,ACTGA,CCAGA,0.010135135135135136
chr4_56354102,chr4,56354102,A,1,10,GTCCC,TCTCT,0.017857142857142856
chr5_147351174,chr5,147351174,T,1,10,GTGTC,CTTTC,0.013888888888888888
chr4_41619371,chr4,41619371,AG,2,5,AAAGC,GAATA,0.0017857142857142854
chr5_148120311,chr5,148120311,A,1,10,AGCTG,GAAAG,0.014285714285714284
chr4_48134070,chr4,48134070,A,1,10,CTTGG,CTTCC,0.011428571428571429
chr5_146055956,chr5,146055956,A,1,10,CTCTT,TTTTC,0.007886435331230283
chr5_146128952,chr5,146128952,A,1,11,CCTTT,CAAAA,0.01818181818181818
chr4_43899403,chr4,43899403,A,1,10,TTAAT,GAAAA,0.011111111111111113
chr5_146503941,chr5,146503941,GA,2,5,AGATC,GCAGC,0.003125
chr5_138171173,chr5,138171173,A,1,11,AATTG,TTCAT,0.010638297872340424
chr5_138428179,chr5,138428179,T,1,10,TTTCC,CTTTT,0.0125968992248062
chr4_77894118,chr4,77894118,T,1,11,TCACC,AATTT,0.025848142164781908
chr4_77885374,chr4,77885374,T,1,11,TTTAA,GAGAC,0.008928571428571428
chr5_138115672,chr5,138115672,T,1,10,GAGGA,AATAA,0.01282051282051282
chr4_76355440,chr4,76355440,A,1,10,GCTGG,GAGGC,0.01809954751131222
chr5_138138595,chr5,138138595,T,1,10,AAGCA,AAGGG,0.02962962962962963
chr5_140362578,chr5,140362578,TG,2,6,ATGCC,CACAC,0.01282051282051282
chr5_140438411,chr5,140438411,T,1,10,TATAC,GTTGT,0.0171875
chr4_57024870,chr4,57024870,T,1,10,AGTAC,AAAAG,0.013953488372093023
chr4_57023798,chr4,57023798,T,1,10,AAATA,AATCA,0.013333333333333334
chr5_139425170,chr5,139425170,T,1,10,TTTTC,GGAGA,0.013215859030837005
chr4_68333413,chr4,68333413,T,1,10,AAGAG,AAATC,0.007537688442211055
chr5_69197115,chr5,69197115,T,1,10,TATGA,CTCTG,0.008
chr5_647781,chr5,647781,T,1,10,GGTAC,CTTTC,0.008928571428571428
chr5_69277075,chr5,69277075,T,1,10,ACAAC,CTTGT,0.010606060606060608
chr5_7896844,chr5,7896844,T,1,11,TAAAC,CCACT,0.01893939393939394
chr5_16763616,chr5,16763616,A,1,11,GCTTT,TTGAA,0.0136986301369863
chr5_14607230,chr5,14607230,A,1,11,TCTCG,GATAA,0.017921146953405017
chr5_14390880,chr5,14390880,T,1,11,AGATC,GGCTT,0.03448275862068965
chr5_14304660,chr5,14304660,A,1,10,GCTAG,GTTTT,0.009933774834437088
chr5_14287139,chr5,14287139,T,1,10,AGAGA,AAACC,0.01
chr5_10390316,chr5,10390316,T,1,10,TGTAC,AATAG,0.008896797153024912
chr5_70434021,chr5,70434021,TA,2,5,TGATT,TGTAT,0.0
chr5_39341486,chr5,39341486,T,1,10,TATGC,CTTTT,0.01153846153846154
chr5_37325971,chr5,37325971,A,1,10,TCTGG,GTTTT,0.014005602240896359
chr5_43677847,chr5,43677847,TG,2,5,AAAGA,GAGAA,0.0
chr5_55256552,chr5,55256552,A,1,10,GAAGG,GCCAC,0.017587939698492462
chr5_41862760,chr5,41862760,A,1,12,ATATT,TTGAT,0.02877697841726619
chr5_55405619,chr5,55405619,T,1,10,GTTCA,CATTT,0.011312217194570135
chr5_56935534,chr5,56935534,A,1,10,TTATT,TACTG,0.0125
chr5_31540906,chr5,31540906,T,1,10,TTAAC,CTGGT,0.015
chr5_36995590,chr5,36995590,T,1,10,TTACA,AAATT,0.008823529411764706
chr5_58457156,chr5,58457156,A,1,10,TAATT,GATAG,0.01282051282051282
chr5_58725982,chr5,58725982,T,1,10,TATCA,ATTCT,0.01293103448275862
chr5_35856953,chr5,35856953,CT,2,6,ATCTA,ATCTC,0.009389671361502348
chr5_60874685,chr5,60874685,A,1,12,AGTCT,GATAA,0.0234375
chr4_139341086,chr4,139341086,T,1,10,GAGAC,AATTC,0.014285714285714284
chr5_90681278,chr5,90681278,T,1,10,CATCA,CTATT,0.013043478260869565
chr4_145152662,chr4,145152662,A,1,10,AAAGG,TCAGT,0.013736263736263736
chr4_147657766,chr4,147657766,A,1,11,AGGTT,TGGAC,0.03463203463203463
chr5_98872312,chr5,98872312,T,1,10,CTTCC,CAAAA,0.0048543689320388345
chr5_98889241,chr5,98889241,A,1,11,ATCTT,TTATG,0.0171990171990172
chr5_95543162,chr5,95543162,A,1,10,TACAG,TTTCT,0.006896551724137931
chr4_128075011,chr4,128075011,T,1,11,TAAAG,AAAGA,0.01729106628242075
chr4_127930822,chr4,127930822,A,1,10,CTAAG,TTATT,0.007092198581560284
chr4_127830620,chr4,127830620,T,1,11,CAAGC,AAATA,0.02127659574468085
chr4_127803568,chr4,127803568,T,1,10,TTTTC,GGAAG,0.02155172413793104
chr5_87333244,chr5,87333244,T,1,11,AAATC,ATGGT,0.023715415019762844
chr4_159331878,chr4,159331878,T,1,10,TCTGG,CAGTC,0.008287292817679558
chr5_75426480,chr5,75426480,A,1,10,AGTCT,GTAAA,0.016
chr4_165995210,chr4,165995210,A,1,10,TAAGG,TTAAA,0.008108108108108109
chr4_164944039,chr4,164944039,A,1,10,GTTGG,CCTAG,0.017094017094017096
chr5_72205061,chr5,72205061,T,1,10,AGCTA,CTCTC,0.011904761904761904
chr5_76562374,chr5,76562374,T,1,10,TAATA,AATCT,0.015
chr5_77312094,chr5,77312094,T,1,10,TTTTC,CTTTT,0.01818181818181818
chr5_83641432,chr5,83641432,A,1,10,ATTGG,CACCT,0.010330578512396695
chr4_150761851,chr4,150761851,A,1,10,CCTAT,GCAAA,0.016
chr4_153581368,chr4,153581368,T,1,10,GATGA,CCTTT,0.013333333333333334
chr4_154259471,chr4,154259471,TC,2,8,ATAAT,ACACA,0.02717391304347826
chr4_39877229,chr4,39877229,A,1,10,AAAAG,TTAAA,0.00625
chr6_32095735,chr6,32095735,AC,2,6,CCTCT,TGGCC,0.015151515151515154
chr3_146517175,chr3,146517175,A,1,10,AATTG,GTATT,0.015
chr6_34863984,chr6,34863984,T,1,11,TTTTG,AAACA,0.014675052410901468
chr6_34967219,chr6,34967219,T,1,10,CTCTC,CCCTG,0.015828677839851025
chr3_139462031,chr3,139462031,T,1,10,TAATA,CATCA,0.008695652173913044
chr6_32517756,chr6,32517756,AG,2,5,CCTGC,GAAAG,0.0
chr3_142683985,chr3,142683985,T,1,10,TGTAC,GGCAA,0.017751479289940832
chr3_142555897,chr3,142555897,T,1,10,AGGTA,CAGTA,0.01023391812865497
chr3_170997894,chr3,170997894,T,1,10,CAGGG,ACACA,0.009067357512953369
chr3_172977071,chr3,172977071,A,1,10,AGATT,CAAAA,0.014285714285714284
chr3_172362611,chr3,172362611,T,1,10,CTGTA,CCTTT,0.014240506329113925
chr6_30578076,chr6,30578076,A,1,10,GCAGC,GCGAG,0.019823788546255508
chr6_28259740,chr6,28259740,GA,2,5,TGAAG,GGATT,0.0026905829596412557
chr3_160416420,chr3,160416420,T,1,12,GTAAG,ATCAG,0.016129032258064516
chr6_36326972,chr6,36326972,GAG,3,5,TGGCA,AAGGC,0.018518518518518517
chr3_121781669,chr3,121781669,GT,2,6,TATAT,ACAGT,0.011494252873563218
chr3_122461340,chr3,122461340,A,1,10,AAAAG,TCCTT,0.009375
chr6_44114220,chr6,44114220,A,1,10,GGAGG,GTCTG,0.014109347442680775
chr3_122728665,chr3,122728665,T,1,10,TTAGC,AATTC,0.01875
chr3_122714384,chr3,122714384,A,1,10,GTGTG,TTACT,0.009523809523809523
chr6_45365356,chr6,45365356,A,1,10,AATGC,GAAAG,0.022727272727272728
chr3_113658634,chr3,113658634,T,1,11,GAGGG,AGCAA,0.018544935805991442
chr3_113723937,chr3,113723937,A,1,10,AGGAC,CTATA,0.016
chr6_56639679,chr6,56639679,A,1,11,GGTTT,CTTAC,0.010309278350515464
chr3_112999624,chr3,112999624,T,1,10,GTGGG,ATTTC,0.01485148514851485
chr3_113936249,chr3,113936249,T,1,11,GATTG,CTTAG,0.009287925696594429
chr3_130941548,chr3,130941548,T,1,12,ATGAA,AACCA,0.01968503937007874
chr3_138270013,chr3,138270013,T,1,10,TGTGA,CCCTG,0.01171875
chr6_36871675,chr6,36871675,A,1,10,AGGAG,GAAAA,0.01050420168067227
chr3_125460867,chr3,125460867,A,1,11,GTTTT,CACAC,0.021645021645021644
chr3_129436704,chr3,129436704,T,1,10,CTTTC,ACAAG,0.013715710723192021
chr3_126022936,chr3,126022936,AG,2,6,CCTGC,GAGAA,0.009708737864077669
chr3_179376924,chr3,179376924,T,1,10,ACAAG,CCTTG,0.01092896174863388
chr6_17898192,chr6,17898192,A,1,10,ATGGG,TTCAG,0.014124293785310734
chr4_9259762,chr4,9259762,CA,2,5,ACACG,GACAC,0.0018867924528301887
chr5_163457092,chr5,163457092,CA,2,7,AAAAA,CGCAC,0.028571428571428567
chr4_9259750,chr4,9259750,CA,2,5,GGGTG,CGCAC,0.006106870229007634
chr4_9250256,chr4,9250256,CA,2,5,GGGTG,CGCAC,0.007109004739336493
chr5_159099588,chr5,159099588,T,1,11,AGAGA,CTCAG,0.01976284584980237
chr5_159203621,chr5,159203621,T,1,11,TGTTG,CTTTT,0.016722408026755852
chr5_159203633,chr5,159203633,T,1,11,TTTTC,CTTGG,0.022222222222222227
chr4_9336284,chr4,9336284,CA,2,5,GGGTG,CGCAC,0.00909090909090909
chr4_9331549,chr4,9331549,CA,2,5,ACACG,GACAC,0.002
chr4_9331537,chr4,9331537,CA,2,5,GGGTG,CGCAC,0.008791208791208791
chr4_9326791,chr4,9326791,CA,2,5,GGGTG,CGCAC,0.008385744234800839
chr4_8471058,chr4,8471058,A,1,10,TGGGG,CCCGT,0.008563899868247694
chr4_7809816,chr4,7809816,A,1,10,AATTG,CATAC,0.009523809523809523
chr5_169702392,chr5,169702392,TG,2,5,CATCA,CGCGG,0.002061855670103093
chr4_9221778,chr4,9221778,CA,2,5,GGGTG,CGCAC,0.0064516129032258064
chr5_170968214,chr5,170968214,T,1,10,GAAGG,ATTTT,0.014814814814814815
chr5_150756506,chr5,150756506,A,1,10,GAAAG,CCAGA,0.008875739644970414
chr5_150756390,chr5,150756390,A,1,10,GGAAG,TCAGT,0.008695652173913044
chr4_25776363,chr4,25776363,A,1,10,ATCTG,GGGAA,0.015267175572519085
chr4_25394762,chr4,25394762,T,1,10,CTTAA,CGAGT,0.009157509157509158
chr4_25364437,chr4,25364437,T,1,11,AATTG,GGTAG,0.017921146953405017
chr4_23824514,chr4,23824514,A,1,10,TAAAG,GAAAC,0.006529850746268657
chr5_153794750,chr5,153794750,A,1,11,GTAAG,CCTAG,0.014705882352941175
chr5_154033900,chr5,154033900,T,1,10,ATAAC,GCTAT,0.025
chr4_9364755,chr4,9364755,CA,2,5,GGGTG,CGCAC,0.00816326530612245
chr4_17840246,chr4,17840246,T,1,11,TTCTG,CCATC,0.021406727828746176
chr4_15838077,chr4,15838077,T,1,11,GGGCA,AAGTT,0.04075235109717868
chr4_15640892,chr4,15640892,A,1,10,AAACC,TACAT,0.01984126984126984
chr4_13474226,chr4,13474226,TG,2,7,AAGAA,CATTT,0.017142857142857144
chr4_13370009,chr4,13370009,A,1,11,GAATT,GACAA,0.030303030303030307
chr6_7575273,chr6,7575273,T,1,11,CAATC,CATCT,0.026785714285714284
chr6_7582926,chr6,7582926,GA,2,5,AGAGT,AGAAC,0.0010471204188481676
chr3_187253326,chr3,187253326,GA,2,8,AATAT,AATAG,0.010912698412698412
chr3_192798363,chr3,192798363,A,1,10,TCAGG,GTCAG,0.012096774193548387
chr3_194438976,chr3,194438976,A,1,10,TCTGG,GAGAC,0.014184397163120569
chr6_7402580,chr6,7402580,T,1,10,TTTTC,GACTT,0.025
chr6_8417371,chr6,8417371,T,1,11,GAAGA,AAATG,0.016528925619834708
chr3_183959847,chr3,183959847,A,1,10,TATTT,GTCTC,0.01818181818181818
chr3_183803973,chr3,183803973,T,1,10,GAAAA,AAGTG,0.00823045267489712
chr6_17661857,chr6,17661857,A,1,10,CAAGT,TATAC,0.014285714285714284
chr3_185923990,chr3,185923990,A,1,10,TAGGG,GTTTT,0.016393442622950817
chr3_185823123,chr3,185823123,A,1,10,ATCGC,CTAAG,0.009523809523809523
chr6_10926281,chr6,10926281,T,1,13,TTAAA,AAAGA,0.016683022571148183
chr3_184855684,chr3,184855684,T,1,10,GATGA,CCATC,0.009615384615384616
chr6_13652689,chr6,13652689,A,1,10,AAAAG,GTGGC,0.012
chr4_1918125,chr4,1918125,T,1,10,GTCTC,CCCAG,0.011235955056179777
chr5_178713629,chr5,178713629,A,1,10,GAGGG,TCAAA,0.012465373961218836
chr5_179605859,chr5,179605859,T,1,10,TGGCC,CCTTA,0.014285714285714284
chr3_196324216,chr3,196324216,TC,2,8,TTTTG,TGTCT,0.047619047619047616
chr6_656079,chr6,656079,A,1,10,ACCTT,TCTAA,0.008522727272727272
chr6_2838022,chr6,2838022,AT,2,5,AGGAA,AACTC,0.0035714285714285718
chr3_195381861,chr3,195381861,T,1,10,ATTGC,CATTT,0.016587677725118485
chr8_19830670,chr8,19830670,T,1,10,ATGCA,CTTGT,0.013043478260869565
chr1_186346102,chr1,186346102,A,1,10,AAGTT,TTAAT,0.015267175572519085
chr1_66827054,chr1,66827054,A,1,10,GAAAT,TACAT,0.013574660633484163
chr1_186678191,chr1,186678191,T,1,11,GTCAA,GGCAG,0.012195121951219513
chr8_17647117,chr8,17647117,A,1,10,ATATT,CCCCT,0.010344827586206895
chr1_185299968,chr1,185299968,A,1,11,TCTTT,GGAAA,0.02564102564102564
chr9_2088640,chr9,2088640,T,1,10,GTGGG,CCTCC,0.016129032258064516
chr1_74353252,chr1,74353252,T,1,10,TATGG,CAGTG,0.01345291479820628
chr1_183904813,chr1,183904813,T,1,10,CAGTC,AATTT,0.01327433628318584
chr1_71069381,chr1,71069381,T,1,10,AACGA,CCAGG,0.015432098765432096
chr1_184719122,chr1,184719122,TG,2,5,GTGTT,TAAGA,0.0064516129032258064
chr1_67200718,chr1,67200718,T,1,10,TCATC,GTTTT,0.022388059701492536
chr8_22318323,chr8,22318323,T,1,11,TTTTA,GAGAC,0.016172506738544475
chr1_62275108,chr1,62275108,A,1,11,AAGTT,GCACA,0.026239067055393587
chr1_200581370,chr1,200581370,A,1,10,TTCCT,TCACT,0.018867924528301886
chr1_200590092,chr1,200590092,A,1,10,GTCGG,TAAAA,0.009067357512953369
chr1_200603352,chr1,200603352,A,1,10,GCAAG,TTTTT,0.009433962264150943
chr1_61769256,chr1,61769256,T,1,10,TTGAC,AACGC,0.014705882352941175
chr1_61709467,chr1,61709467,T,1,10,TGTTA,CTGGA,0.009523809523809523
chr9_5073681,chr9,5073681,T,1,10,TGTAC,CCTTA,0.009831460674157305
chr1_196740606,chr1,196740606,T,1,10,CATTC,AGGCC,0.016666666666666666
chr1_63532655,chr1,63532655,T,1,11,TCTTG,CAGAG,0.020408163265306117
chr9_5753518,chr9,5753518,T,1,11,TCTTA,AAACA,0.00909090909090909
chr1_63371079,chr1,63371079,A,1,10,TGGTT,CGAAA,0.010460251046025104
chr1_197090091,chr1,197090091,A,1,10,GAAAG,CACAC,0.008080808080808079
chr1_62475432,chr1,62475432,A,1,10,ATTAG,GATCA,0.01
chr9_5812234,chr9,5812234,A,1,10,TATAG,GTCAT,0.01212121212121212
chr8_12740807,chr8,12740807,T,1,10,TTAGC,AAACC,0.014814814814814815
chr9_7128277,chr9,7128277,A,1,11,AATTT,CCAAA,0.014492753623188406
chr1_180019885,chr1,180019885,A,1,10,CAGAT,CTTTT,0.01146788990825688
chr1_84947201,chr1,84947201,A,1,10,TGCTT,TCACT,0.008
chr8_27780149,chr8,27780149,T,1,10,TTTGG,AAACC,0.008438818565400843
chr1_175116925,chr1,175116925,T,1,10,AGCAA,CAGAC,0.005842259006815969
chr8_132804754,chr8,132804754,T,1,10,AATGA,GAGGG,0.011307767944936086
chr1_90941320,chr1,90941320,A,1,10,AATGG,TTTAG,0.007547169811320755
chr1_89007758,chr1,89007758,T,1,10,CTTGG,CAGGG,0.005186721991701246
chr1_88983825,chr1,88983825,T,1,11,AACCA,GCCGG,0.026052104208416832
chr8_133113406,chr8,133113406,T,1,11,GTATC,CTAGC,0.02
chr1_179120104,chr1,179120104,A,1,11,AAAAG,GCATT,0.022950819672131147
chr1_86354866,chr1,86354866,A,1,10,AAAAG,GTTTT,0.012195121951219513
chr9_376186,chr9,376186,T,1,10,TAATC,CTCTT,0.009868421052631578
chr8_142229583,chr8,142229583,GA,2,6,GCTGG,GGTTG,0.0125
chr1_81980722,chr1,81980722,AG,2,5,TGGTA,CTAAT,0.0
chr8_25429738,chr8,25429738,T,1,10,AAATG,AAATT,0.010101010101010102
chr1_77970017,chr1,77970017,A,1,12,AATCT,GAAAA,0.04430379746835443
chr1_58539317,chr1,58539317,A,1,10,GAAAC,CTATA,0.015748031496062992
chr1_44926755,chr1,44926755,A,1,10,AAAAG,TCAAA,0.009836065573770493
chr1_214630674,chr1,214630674,TC,2,7,CCGTG,CTTAA,0.011764705882352941
chr1_44753710,chr1,44753710,T,1,10,TTTTC,ATGTT,0.010714285714285714
chr1_43363190,chr1,43363190,T,1,10,TCATG,AAATC,0.02
chr7_152222074,chr7,152222074,A,1,11,AAACG,TCCAG,0.015503875968992246
chr9_20948225,chr9,20948225,T,1,10,GTGTC,CTTTT,0.01904761904761905
chr9_19350681,chr9,19350681,T,1,11,TGGAA,CAATT,0.016528925619834708
chr1_46583397,chr1,46583397,A,1,10,GAAGG,GGTAG,0.016666666666666666
chr1_211981239,chr1,211981239,AC,2,5,TACAA,ATATA,0.011428571428571429
chr1_212021218,chr1,212021218,A,1,10,TATGG,GCACA,0.01324503311258278
chr1_45511256,chr1,45511256,A,1,10,AATGG,TACAG,0.011627906976744186
chr1_220096084,chr1,220096084,T,1,12,ATATC,AAAAC,0.015037593984962403
chr1_220182179,chr1,220182179,A,1,11,TAGTT,GAAGA,0.017167381974248927
chr1_222579708,chr1,222579708,A,1,10,ATTAG,GAATA,0.00909090909090909
chr1_222662180,chr1,222662180,T,1,10,GAGGA,AATCC,0.015151515151515154
chr9_33887001,chr9,33887001,T,1,11,GAAGA,AAATC,0.016528925619834708
chr1_38886444,chr1,38886444,T,1,10,CTTCC,ATTTC,0.015
chr1_38019432,chr1,38019432,T,1,10,AGGTG,GTTTT,0.016025641025641024
chr9_34088275,chr9,34088275,A,1,10,TTAGG,TCAAA,0.006944444444444444
chr1_42536528,chr1,42536528,AG,2,8,TCAAA,AAGCA,0.027027027027027032
chr1_215758559,chr1,215758559,AC,2,7,TGTTT,ATACT,0.009523809523809523
chr7_151570151,chr7,151570151,A,1,10,CAAAG,CAAGT,0.007267441860465115
chr7_151349026,chr7,151349026,T,1,11,TTGCC,AAGTC,0.021917808219178082
chr9_19328011,chr9,19328011,T,1,11,TTCTA,ATTTT,0.01818181818181818
chr1_53819087,chr1,53819087,A,1,10,TGGGG,GAATC,0.016
chr8_6924935,chr8,6924935,AG,2,6,GGGAC,CATCA,0.013513513513513514
chr1_53787266,chr1,53787266,A,1,12,AAGGG,GGTTA,0.04035874439461883
chr1_202438061,chr1,202438061,T,1,10,GGCAG,CCATG,0.010810810810810813
chr1_202767094,chr1,202767094,T,1,10,CCTCC,CACAT,0.017605633802816902
chr1_57010812,chr1,57010812,T,1,10,AATAC,CTCTC,0.011695906432748536
chr1_201852068,chr1,201852068,T,1,10,CAGTA,AACAG,0.01212121212121212
chr1_54731457,chr1,54731457,TG,2,5,CATTA,TTTCT,0.0
chr1_52784862,chr1,52784862,T,1,10,ACTAA,CCAGC,0.006896551724137931
chr1_50567026,chr1,50567026,T,1,10,AATGA,AATAG,0.014634146341463415
chr1_207757219,chr1,207757219,T,1,10,ACCTC,CTGCT,0.00922509225092251
chr1_52461623,chr1,52461623,A,1,10,AATTT,GACTT,0.01875
chr8_1896457,chr8,1896457,T,1,10,AGCGC,CATTT,0.014018691588785048
chr9_15727851,chr9,15727851,T,1,10,TTTTC,CCTGC,0.021875
chr1_173961597,chr1,173961597,A,1,10,GATTT,GAAGC,0.007352941176470587
chr1_115691403,chr1,115691403,A,1,10,TTATT,GAAAA,0.01212121212121212
chr8_64624547,chr8,64624547,A,1,11,CAAGG,GATAA,0.03389830508474576
chr1_114994979,chr1,114994979,A,1,10,GATAG,CTAAA,0.0047169811320754715
chr1_114737572,chr1,114737572,A,1,13,CAGTC,TTTCC,0.029900332225913626
chr1_114719745,chr1,114719745,A,1,10,AACTG,GTAGG,0.011075949367088608
chr8_67228148,chr8,67228148,T,1,10,ATACA,AGCTC,0.015432098765432096
chr8_67227091,chr8,67227091,T,1,11,GTTGC,CCTTT,0.027272727272727268
chr1_156533142,chr1,156533142,AC,2,5,GGCAT,ATGCG,0.0072289156626506035
chr8_53829535,chr8,53829535,A,1,11,ACACT,TGAAA,0.02298850574712644
chr8_52645894,chr8,52645894,A,1,10,AAATT,TTACA,0.009554140127388536
chr1_156672946,chr1,156672946,AG,2,5,GGAGC,GAGCA,0.0032258064516129032
chr1_112616749,chr1,112616749,A,1,12,AAAAG,TATCT,0.024539877300613498
chr8_62856961,chr8,62856961,A,1,10,TCAAC,CAAAC,0.012738853503184714
chr1_155777578,chr1,155777578,A,1,11,GTCTC,TCCAA,0.015021459227467813
chr8_100151804,chr8,100151804,T,1,11,GTAAA,AATTC,0.01383399209486166
chr8_61642923,chr8,61642923,A,1,10,ATCTG,GAGAA,0.01212121212121212
chr1_156069610,chr1,156069610,TAT,3,5,ATTAA,TGCCT,0.011299435028248588
chr1_113643729,chr1,113643729,T,1,10,GTTCA,AAGGT,0.014285714285714284
chr1_113093330,chr1,113093330,T,1,10,ATACA,AAAGC,0.012
chr1_154172197,chr1,154172197,A,1,11,AAACG,TTCAA,0.012658227848101266
chr1_148966453,chr1,148966453,T,1,10,TCTTG,ATCCT,0.01818181818181818
chr1_148960592,chr1,148960592,A,1,10,AAGAC,TTTTG,0.011029411764705885
chr8_86540346,chr8,86540346,TA,2,6,GAAAT,AAATA,0.0047619047619047615
chr1_148968049,chr1,148968049,T,1,10,TGGGA,CCCCA,0.012295081967213116
chr8_85473822,chr8,85473822,T,1,10,TATAC,CTTTC,0.014893617021276596
chr1_150694865,chr1,150694865,A,1,10,TGGTG,TCCAT,0.009375
chr1_144092250,chr1,144092250,A,1,10,AGACC,CAGTT,0.017391304347826087
chr8_93804949,chr8,93804949,A,1,10,GTTTT,CAGTC,0.012711864406779662
chr1_154022051,chr1,154022051,T,1,10,ACTGC,AATAA,0.015060240963855422
chr8_70124868,chr8,70124868,A,1,11,TCCTT,CAGAA,0.02083333333333333
chr1_120550327,chr1,120550327,T,1,10,CAAAA,GTCTT,0.015384615384615384
chr1_120542862,chr1,120542862,A,1,10,TGGGG,TCCCA,0.009345794392523364
chr8_94170756,chr8,94170756,T,1,10,GTGTG,CTTTA,0.014285714285714284
chr8_73984790,chr8,73984790,T,1,10,GTTGA,GTAGG,0.012345679012345678
chr8_73673248,chr8,73673248,A,1,10,TGTTT,CATTA,0.015625
chr1_144905249,chr1,144905249,T,1,10,TTACC,AAGGG,0.027586206896551724
chr1_144868448,chr1,144868448,T,1,10,AACTG,GGTCT,0.021428571428571432
chr8_102834273,chr8,102834273,A,1,10,GATGG,TTTAA,0.006622516556291391
chr1_100974787,chr1,100974787,T,1,10,CTAAC,CTTAC,0.013043478260869565
chr1_100218786,chr1,100218786,T,1,12,AAAAA,ACTAA,0.016129032258064516
chr1_168236532,chr1,168236532,T,1,10,TTGAG,CCTGC,0.009523809523809523
chr1_162799720,chr1,162799720,T,1,11,AATAC,CTTTC,0.012987012987012988
chr1_163343905,chr1,163343905,A,1,11,TATCT,TTAGC,0.02479338842975207
chr1_103621422,chr1,103621422,TA,2,7,GTGTG,TCTCT,0.051587301587301584
chr1_165665138,chr1,165665138,A,1,10,TGAAG,TGTGT,0.016
chr8_39101844,chr8,39101844,T,1,10,CCTTA,CTTTT,0.010204081632653059
chr1_94177587,chr1,94177587,T,1,10,ACATA,ACATG,0.014705882352941175
chr1_93183346,chr1,93183346,T,1,10,ATTCA,AAGAA,0.010714285714285714
chr1_92693912,chr1,92693912,A,1,10,CAATT,CATAA,0.008561643835616438
chr8_130169103,chr8,130169103,A,1,10,AGTAT,GAGTA,0.014814814814814815
chr1_92380932,chr1,92380932,T,1,11,GATTC,AATTG,0.021917808219178082
chr8_123810267,chr8,123810267,T,1,11,TCGCC,CAGCC,0.020497803806735
chr1_173576768,chr1,173576768,A,1,10,GGGAG,CAAAT,0.013793103448275862
chr8_124518785,chr8,124518785,T,1,10,ATTCA,GGTAA,0.015517241379310345
chr8_124522251,chr8,124522251,T,1,10,TTGAC,AGCTT,0.016
chr1_99709142,chr1,99709142,A,1,10,ATATG,GTATT,0.014814814814814815
chr1_173521408,chr1,173521408,A,1,11,GTGGG,CGAAA,0.028915662650602414
chr8_32741973,chr8,32741973,T,1,10,TAGCA,GCTTA,0.02336448598130841
chr1_108807374,chr1,108807374,T,1,12,TTTAC,AAATT,0.015151515151515154
chr8_47294104,chr8,47294104,T,1,10,TTTTG,CCTGT,0.011695906432748536
chr1_158328889,chr1,158328889,A,1,11,ATATT,CAACA,0.0145985401459854
chr8_42974230,chr8,42974230,T,1,10,ATTTC,GAGAC,0.014204545454545452
chr8_109579721,chr8,109579721,T,1,10,ATAAC,CTTTT,0.00974025974025974
chr8_108235110,chr8,108235110,A,1,10,AAAAG,GATTA,0.008620689655172414
chr8_107346889,chr8,107346889,A,1,10,TAAAG,TTTTT,0.004784688995215311
chr1_160332564,chr1,160332564,A,1,10,GCAAG,GACAA,0.016581632653061226
chr1_160491398,chr1,160491398,A,1,10,TGCAG,GATCC,0.010330578512396695
chr1_160753207,chr1,160753207,A,1,10,TGCTC,CAATT,0.01056338028169014
chr1_160796090,chr1,160796090,CA,2,5,ACATG,CTCAT,0.004444444444444445
chr8_120310096,chr8,120310096,TC,2,8,TCTCA,ATAAA,0.011574074074074072
chr8_120548961,chr8,120548961,GA,2,9,GCCTG,CATCA,0.02564102564102564
chr1_160299044,chr1,160299044,A,1,11,AAAAG,GAGTG,0.023032629558541268
chr1_103754334,chr1,103754334,TG,2,7,GTGTT,TATAT,0.025974025974025976
chr8_116848873,chr8,116848873,T,1,11,CTAAC,CAGGG,0.011583011583011579
chr8_42349989,chr8,42349989,T,1,10,TAGAC,CTTAA,0.009554140127388536
chr1_107324179,chr1,107324179,T,1,10,ACAGA,CCTTT,0.007399577167019026
chr8_42155050,chr8,42155050,A,1,11,AACTT,TCAAA,0.015686274509803918
chr1_21757791,chr1,21757791,A,1,10,AGGGG,CCTTT,0.019230769230769232
chr1_7920925,chr1,7920925,A,1,10,ATGCT,TTTTA,0.0099009900990099
chr1_29154916,chr1,29154916,A,1,10,TGAAG,GTGTG,0.010638297872340424
chr9_64355156,chr9,64355156,GT,2,5,TGCAC,ATAAT,0.0
chr1_247429798,chr1,247429798,GA,2,8,CATAT,AACAG,0.02083333333333333
chr1_7852884,chr1,7852884,A,1,10,AGGGG,TCTTA,0.011363636363636364
chr1_29150023,chr1,29150023,A,1,10,CTTTG,GAAAA,0.0125
chr2_27369223,chr2,27369223,A,1,11,GCATT,TGCCC,0.033126293995859216
chr7_99714688,chr7,99714688,A,1,10,TGTAG,CCAAC,0.006345177664974618
chr2_27437234,chr2,27437234,T,1,10,TCTAC,ATTCT,0.012048192771084338
chr1_20747658,chr1,20747658,A,1,10,CACTG,TTCAG,0.008333333333333333
chr1_31293158,chr1,31293158,A,1,11,GATTT,TCACT,0.015151515151515154
chr9_77205286,chr9,77205286,T,1,11,TGTCC,CCCAA,0.035483870967741936
chr2_26678169,chr2,26678169,T,1,10,TCTTC,AAACC,0.01956521739130435
chr1_241882034,chr1,241882034,T,1,10,TTTAA,AATTT,0.007853403141361256
chr9_77237984,chr9,77237984,T,1,10,TTTTC,AATGC,0.010830324909747292
chr2_20035073,chr2,20035073,AC,2,5,AAGAA,ATTTA,0.0
chr2_9467691,chr2,9467691,T,1,10,GTCGC,CCCAG,0.020348837209302327
chr9_71739999,chr9,71739999,A,1,10,CTTAG,TCTGT,0.01282051282051282
chr1_27353863,chr1,27353863,CT,2,5,CAAGC,GGACC,0.006153846153846154
chr2_9535930,chr2,9535930,A,1,10,AAGAG,TTATT,0.007936507936507936
chr2_9412254,chr2,9412254,T,1,12,CGGAA,ACCTG,0.02
chr2_10129417,chr2,10129417,T,1,10,GCTGA,CCATC,0.010679611650485437
chr2_10047637,chr2,10047637,T,1,10,GGTAC,AGTGC,0.018518518518518517
chr2_11192112,chr2,11192112,T,1,11,TAGAC,CCTTA,0.021798365122615803
chr2_15536332,chr2,15536332,A,1,11,AAAGC,GAAAT,0.025839793281653745
chr2_15946142,chr2,15946142,T,1,10,TTTGA,AAACA,0.009765625
chr7_127373285,chr7,127373285,T,1,10,AATGA,AGTTC,0.011627906976744186
chr1_28459218,chr1,28459218,A,1,10,GGAGG,GTAGT,0.01300578034682081
chr9_65691078,chr9,65691078,T,1,11,TTTTG,CTGAG,0.016556291390728478
chr7_100105218,chr7,100105218,TC,2,7,AGAAG,TTTCC,0.0132890365448505
chr2_24707929,chr2,24707929,T,1,10,AGTAA,CATTT,0.009523809523809523
chr2_24298817,chr2,24298817,A,1,10,GCCTG,GGAAT,0.015100671140939596
chr2_24270648,chr2,24270648,A,1,10,TGATT,TTCAT,0.009433962264150943
chr1_28603449,chr1,28603449,A,1,11,GCATT,TCCAA,0.017316017316017316
chr9_66110838,chr9,66110838,TC,2,5,TGTTT,ATACT,0.0013037809647979141
chr1_27760478,chr1,27760478,T,1,10,ACTGA,CTTTA,0.01
chr1_27892262,chr1,27892262,A,1,10,AGAAG,GGTCA,0.013986013986013986
chr7_123692324,chr7,123692324,A,1,12,AAATG,GCTTA,0.03428571428571429
chr2_44339365,chr2,44339365,AG,2,8,TAGCT,ACATG,0.027522935779816515
chr2_44707385,chr2,44707385,T,1,10,CTCCC,CAGGT,0.022222222222222227
chr1_23323800,chr1,23323800,T,1,10,CTGCC,AAAGA,0.016
chr2_20278570,chr2,20278570,T,1,10,TTTGG,ACCTA,0.011160714285714286
chr1_12338369,chr1,12338369,T,1,10,ATCAA,AATGA,0.011111111111111113
chr2_36925246,chr2,36925246,A,1,10,AGACC,GTTTT,0.023809523809523808
chr1_35554312,chr1,35554312,A,1,11,TTTCT,TCTTA,0.02631578947368421
chr2_53898048,chr2,53898048,A,1,10,CTTGG,CTGTA,0.007614213197969543
chr2_36758945,chr2,36758945,T,1,10,TCTCG,CTCTT,0.008445945945945945
chr1_12644806,chr1,12644806,TC,2,5,TTCTG,TTCGG,0.0
chr1_35414092,chr1,35414092,T,1,10,GGTGA,ATTGT,0.010344827586206895
chr1_35816840,chr1,35816840,A,1,10,AAAAG,TAGCA,0.011299435028248588
chr2_36886648,chr2,36886648,A,1,10,CATTG,CTGGG,0.006756756756756757
chr2_53936717,chr2,53936717,A,1,10,AAAAG,CTATA,0.006622516556291391
chr9_91730891,chr9,91730891,GA,2,5,AAAAA,ATACA,0.0030303030303030303
chr9_35043824,chr9,35043824,AG,2,5,ACTCC,TTCCC,0.0
chr1_37494170,chr1,37494170,A,1,10,AAAGG,TCTCA,0.01282051282051282
chr1_223774811,chr1,223774811,T,1,10,CTGAC,CCTTC,0.012861736334405145
chr2_37237734,chr2,37237734,T,1,10,ATGTG,CCCTT,0.0125
chr7_102366153,chr7,102366153,T,1,10,CATAC,CTTTT,0.006211180124223602
chr1_11122204,chr1,11122204,T,1,10,GACTG,CTTTT,0.00980392156862745
chr9_37768289,chr9,37768289,T,1,10,TAGTA,ACTTT,0.013333333333333334
chr7_138519338,chr7,138519338,TA,2,5,TTGGT,GATTC,0.0
chr1_235152773,chr1,235152773,A,1,11,AAATT,TACAC,0.022727272727272728
chr7_103917201,chr7,103917201,A,1,10,GAAAG,CTCTC,0.012
chr2_32141890,chr2,32141890,T,1,11,CTGGA,AGGCG,0.018691588785046728
chr2_31892148,chr2,31892148,A,1,12,AACAG,TGTCA,0.016556291390728478
chr2_39737066,chr2,39737066,A,1,10,GTGAC,TGGTA,0.022598870056497168
chr7_104188463,chr7,104188463,A,1,10,GTATT,CACCC,0.013636363636363636
chr1_235148457,chr1,235148457,A,1,10,AAGAG,GTATT,0.016129032258064516
chr7_137678681,chr7,137678681,T,1,10,ATCAA,CCAGG,0.007874015748031496
chr2_28781868,chr2,28781868,T,1,10,ACAGA,CTTCT,0.010344827586206895
chr1_15922233,chr1,15922233,T,1,11,ACCTC,AAAGG,0.01609657947686117
chr9_83661948,chr9,83661948,A,1,10,TAAAG,TTAAT,0.008298755186721992
chr1_15874234,chr1,15874234,T,1,10,TAAGA,CTTGT,0.005917159763313609
chr7_140355626,chr7,140355626,GA,2,7,ACACA,GCACC,0.038560411311053984
chr9_39118363,chr9,39118363,AG,2,5,GAGAC,AAAAT,0.0071428571428571435
chr1_235112115,chr1,235112115,A,1,10,GAAAG,TAATT,0.008130081300813009
chr2_32463294,chr2,32463294,TC,2,5,TGCAG,ATGCA,0.0
chr16_31894454,chr16,31894454,T,1,10,TAGTG,CTGAC,0.0099009900990099
chr17_42568361,chr17,42568361,A,1,10,TGTCT,TAAAT,0.013333333333333334
chr9_64706422,chr9,64706422,CA,2,7,AAAAA,AAATC,0.0075187969924812035
chr4_9345833,chr4,9345833,AC,2,6,CGCAA,CCACA,0.013333333333333334
chr10_86993342,chr10,86993342,T,1,10,TTTAC,AATGA,0.017142857142857144
chr14_102662593,chr14,102662593,T,1,10,GGATC,CCGGC,0.01910828025477707
chr16_10757798,chr16,10757798,A,1,10,CCTTT,GAGGG,0.015384615384615384
chr14_95452435,chr14,95452435,GT,2,5,GATAA,GCAGG,0.0
chr14_95533339,chr14,95533339,A,1,12,AGTTT,GTAAC,0.02735562310030395
chr15_41072067,chr15,41072067,A,1,14,AAAGT,TTAGA,0.040816326530612235
chr14_72612430,chr14,72612430,T,1,11,TGTCC,CTAGT,0.022707423580786028
chr15_82444157,chr15,82444157,A,1,10,AAAGG,GAAGA,0.03333333333333333
chr15_84171476,chr15,84171476,A,1,10,AAAGG,GAAGA,0.03197674418604651
chr15_84242610,chr15,84242610,A,1,11,AATTG,CAAAA,0.017482517482517484
chr15_84423322,chr15,84423322,T,1,10,TCTTC,CCTTT,0.026923076923076925
chr15_84431095,chr15,84431095,T,1,11,TTTTG,CAATT,0.021212121212121213
chr12_31136728,chr12,31136728,A,1,11,TAGCT,GGAAG,0.032064128256513016
chr11_117292845,chr11,117292845,T,1,10,CCATG,CACTA,0.011976047904191616
chr13_100260892,chr13,100260892,A,1,14,CCTTT,GGAAG,0.032627865961199286
chr13_101090060,chr13,101090060,TG,2,7,GGATA,TATAT,0.025210084033613446
chr12_132795758,chr12,132795758,A,1,10,GTTTC,GAAAG,0.010752688172043013
chr12_106687145,chr12,106687145,TC,2,7,CTCTT,TGTCT,0.028571428571428567
chr19_39418578,chr19,39418578,A,1,12,GTCTC,GGGAG,0.035211267605633804
chr19_10149342,chr19,10149342,A,1,10,AAAAC,CCAAA,0.009316770186335404
chr19_11455004,chr19,11455004,T,1,11,TGCAA,AGAGA,0.013091641490433032
chr19_13927783,chr19,13927783,A,1,12,CTCAG,CCAAA,0.018835616438356163
chr20_37238757,chr20,37238757,CT,2,5,CAAGC,GTTTC,0.0037735849056603774
chr19_53897725,chr19,53897725,A,1,12,TATCT,GAAGA,0.024429967426710098
chr19_58212055,chr19,58212055,A,1,10,GGGAG,TCCTG,0.01818181818181818
chr17_9585669,chr17,9585669,CA,2,10,TCTGT,AAGTG,0.021212121212121213
chr17_27560270,chr17,27560270,T,1,10,AGCCA,CTTTA,0.011904761904761904
chr16_67375138,chr16,67375138,A,1,12,AAATT,GTCTC,0.03428571428571429
chr17_63200678,chr17,63200678,T,1,10,TGTAG,CATCA,0.011049723756906077
chr7_102194051,chr7,102194051,T,1,11,TTATC,GTCTC,0.03162055335968378
chr7_75943953,chr7,75943953,A,1,10,AACTT,TAGCC,0.014893617021276596
chr7_128991925,chr7,128991925,A,1,10,ATAAG,TAGTG,0.012437810945273627
chr8_37846765,chr8,37846765,A,1,11,CCAAG,GAGAT,0.016181229773462782
chr7_130041189,chr7,130041189,T,1,10,TACTG,GTTTT,0.009950248756218905
chr7_131243034,chr7,131243034,A,1,10,AACAG,GGAAA,0.012195121951219513
chr6_42937582,chr6,42937582,A,1,10,TTCTC,GGATG,0.015789473684210527
chr6_44148123,chr6,44148123,A,1,13,TTTCC,TGCTT,0.03819444444444445
chr6_52056584,chr6,52056584,T,1,10,TCATA,ACTCT,0.013513513513513514
chr6_57004666,chr6,57004666,A,1,10,TTTGG,TGTGA,0.01485148514851485
chr6_36213704,chr6,36213704,A,1,14,CTCTG,CCTAA,0.03125
chr6_25452225,chr6,25452225,T,1,12,GGCAA,CCTGC,0.02
chr6_35248814,chr6,35248814,A,1,10,GAGGG,TATCA,0.01153846153846154
chr6_35459223,chr6,35459223,T,1,10,CTTGG,CCTTT,0.009933774834437088
chr6_163570566,chr6,163570566,T,1,10,CATGC,ATTAG,0.010526315789473684
chr6_166770801,chr6,166770801,A,1,10,AACTT,TGTAA,0.013043478260869565
chr6_85677318,chr6,85677318,T,1,11,AAAAG,CAACA,0.01090909090909091
chr6_121680326,chr6,121680326,T,1,12,TTTTC,CTTTT,0.0389908256880734
chr10_96652572,chr10,96652572,A,1,12,GTCTC,TCAAA,0.014705882352941175
chr10_100057214,chr10,100057214,TC,2,7,TCTCA,TTTTT,0.011904761904761904
chr10_46115273,chr10,46115273,T,1,13,ACCAG,ATTCT,0.017361111111111112
chr10_49994374,chr10,49994374,T,1,12,ACCAG,ATTCT,0.006172839506172839
chr10_73692085,chr10,73692085,A,1,11,AGAAT,CTGGT,0.01976284584980237
chr10_112376186,chr10,112376186,A,1,10,TTGTG,TTAAA,0.009478672985781993
chr11_58617767,chr11,58617767,A,1,10,AGGAC,TCTAA,0.020905923344947737
chr11_63544482,chr11,63544482,A,1,11,AAAAT,GCAAA,0.02676864244741874
chr10_119042834,chr10,119042834,T,1,10,GGGGA,CACAT,0.0125
chr11_10767658,chr11,10767658,A,1,11,CATGC,GAAAG,0.027027027027027032
chr11_10773031,chr11,10773031,A,1,11,AAAAG,TCCTC,0.016393442622950817
chr8_98136401,chr8,98136401,A,1,11,GATTT,CCCAA,0.013779527559055118
chr8_123231765,chr8,123231765,A,1,10,AGGAG,GGTTA,0.016129032258064516
chr9_137574064,chr9,137574064,A,1,10,GTTTC,GTACA,0.014184397163120569
chr10_17234623,chr10,17234623,T,1,10,TATGA,CTAAG,0.007936507936507936
chr9_113276821,chr9,113276821,T,1,13,TACAA,AAACA,0.015197568389057753
chr9_64408025,chr9,64408025,T,1,10,CAGTG,GTTTG,0.011004784688995215
chr9_76023648,chr9,76023648,A,1,11,CAGAG,CAAAA,0.016260162601626018
chr9_98235203,chr9,98235203,A,1,12,ATTTC,GATCT,0.0249266862170088
chr7_1448513,chr7,1448513,G,1,10,TTCTT,CTGGG,0.015037593984962403
chr12_132728232,chr12,132728232,T,1,10,ACTAC,ATTTT,0.0125
chr17_82485420,chr17,82485420,A,1,11,GTCTC,GGAAG,0.01729106628242075
chr19_3205812,chr19,3205812,T,1,15,CTTAA,AAAGA,0.02288329519450801
chr17_18124465,chr17,18124465,CT,2,5,ACAGC,CACAC,0.009523809523809523
chr22_37075016,chr22,37075016,TC,2,5,CACAC,CTTTT,0.00909090909090909
chr16_2097543,chr16,2097543,CA,2,5,TGTGT,GCCCA,0.0039215686274509795
chr16_14935571,chr16,14935571,TG,2,5,TGGGC,ACACA,0.0
chr16_18334526,chr16,18334526,CA,2,5,TGTGT,GCCCA,0.0
chr16_18374647,chr16,18374647,CA,2,5,TGTGT,GCCCA,0.007692307692307694
chr1_43981334,chr1,43981334,AGC,3,7,CTGCT,AACTG,0.01098901098901099
chr4_163128833,chr4,163128833,A,1,11,TCTTG,TCCTT,0.02479338842975207
chr22_40323310,chr22,40323310,T,1,10,TTTCG,CAACT,0.006666666666666667
chr22_36930193,chr22,36930193,CT,2,8,CAGAA,CGGAG,0.03260869565217391
chr22_15628656,chr22,15628656,GT,2,9,ACTGC,CCACA,0.037037037037037035
chr19_2514986,chr19,2514986,AG,2,9,GAGAA,AACAT,0.03555555555555556
chr12_89753869,chr12,89753869,A,1,13,CCCTG,GAGCA,0.04229607250755287
chr16_67820741,chr16,67820741,A,1,11,GTCTC,GTCAG,0.01871657754010695
chr16_66850440,chr16,66850440,A,1,11,GACTC,TGTCC,0.0231023102310231
chr8_140024091,chr8,140024091,A,1,11,ATATT,TACAC,0.01567398119122257
chr2_86984737,chr2,86984737,T,1,14,TTTTC,AGTTG,0.04838709677419355
chr12_9553962,chr12,9553962,T,1,12,CTTCC,AGCTA,0.04411764705882353
chr7_56937323,chr7,56937323,GA,2,6,GGAGT,GGAAA,0.02032520325203252
chr5_168616283,chr5,168616283,T,1,10,TAGGA,CCTAA,0.011904761904761904
chr6_52065077,chr6,52065077,TG,2,6,ATGTA,TAGGT,0.016666666666666666
chr6_52423882,chr6,52423882,T,1,10,GTTAG,ACCTA,0.01098901098901099
chr8_35595442,chr8,35595442,GT,2,6,TTTTT,CTAGG,0.007246376811594203
chr8_67211624,chr8,67211624,A,1,10,TAAAT,TCACT,0.0069767441860465115
chr8_119819252,chr8,119819252,A,1,10,GATCC,TACTT,0.012396694214876032
chr7_87693893,chr7,87693893,T,1,10,TGTTA,AAAGA,0.01417004048582996
chr7_99563696,chr7,99563696,T,1,12,TTTTC,CCGTT,0.02734375
chr2_201272565,chr2,201272565,A,1,11,AAATT,TCTAA,0.01818181818181818
chr4_144738015,chr4,144738015,A,1,10,TCATT,GACTG,0.02083333333333333
chr16_23085091,chr16,23085091,A,1,10,GAAGG,TCAAT,0.007792207792207792
chr15_32888369,chr15,32888369,A,1,10,ATGAG,GCTTT,0.010714285714285714
chr15_39806969,chr15,39806969,A,1,10,AACTT,GTTAG,0.008064516129032258
chr19_45051967,chr19,45051967,A,1,11,ATCTC,GAAGT,0.02922077922077922
chr11_17504707,chr11,17504707,A,1,12,AGAGG,GTTCC,0.03017241379310345
chr9_95247331,chr9,95247331,A,1,12,CCATT,CTAGG,0.016975308641975308
chr9_121183214,chr9,121183214,A,1,10,CATTT,TGCAA,0.02
chr2_177493124,chr2,177493124,T,1,10,ATCAC,CTTTT,0.017241379310344827
chr10_62813710,chr10,62813710,GGC,3,6,TTATA,TGCTG,0.010869565217391304
chr15_84512872,chr15,84512872,A,1,15,TTCTC,TCCTC,0.08166666666666668
chr1_85781315,chr1,85781315,A,1,13,TAATT,CTCCA,0.025522041763341063
chr1_94032106,chr1,94032106,T,1,10,TGCCA,CCCTT,0.021084337349397592
chr1_23310381,chr1,23310381,T,1,11,GCCAA,GAAGA,0.01287128712871287
chr2_33275684,chr2,33275684,A,1,11,ATCTC,GAAAT,0.02281368821292776
chr1_176043330,chr1,176043330,A,1,11,GCAAG,CCTGA,0.020491803278688527
chr1_241597638,chr1,241597638,T,1,10,TCTTG,AATTG,0.013043478260869565
chr1_244694379,chr1,244694379,T,1,11,TAAAA,AAACC,0.01048951048951049
chr2_169537384,chr2,169537384,T,1,11,TTTTC,CCTTT,0.030303030303030307
chr2_120289468,chr2,120289468,T,1,11,AGTGA,CCTTC,0.021568627450980392
chr2_87785171,chr2,87785171,A,1,13,CAACT,GAAAA,0.017582417582417582
chr2_106426090,chr2,106426090,A,1,12,CAACT,GAAAA,0.03343621399176955
chr2_107869867,chr2,107869867,T,1,13,TTTTC,AGTTG,0.016366612111292964
chr2_112391072,chr2,112391072,A,1,12,AACTG,GAAAA,0.02145922746781116
chr2_118103069,chr2,118103069,T,1,10,ATAAC,GTTTT,0.0125
chr1_186117199,chr1,186117199,T,1,11,TTTTC,AAACA,0.011857707509881422
chr1_197929265,chr1,197929265,T,1,12,ATTGG,AGTTT,0.017241379310344827
chr1_169827926,chr1,169827926,T,1,10,GTGTG,AAATC,0.011764705882352941
chr1_155586635,chr1,155586635,T,1,11,TTCAC,AAGAG,0.015957446808510637
chr4_175701818,chr4,175701818,T,1,10,TTTAA,CAAAC,0.0047619047619047615
chr4_93772009,chr4,93772009,T,1,12,ACTAC,AACCA,0.03448275862068965
chr5_117779525,chr5,117779525,T,1,10,TCCTC,AGGAG,0.016
chr5_69371200,chr5,69371200,T,1,11,TTTTG,CTAAT,0.013793103448275862
chr5_88722488,chr5,88722488,T,1,11,CTGAC,CCACA,0.027272727272727268
chr4_56811614,chr4,56811614,A,1,11,CTGTC,GAAGA,0.0219435736677116
chr3_64146742,chr3,64146742,A,1,14,ATTTC,TTCCT,0.032520325203252036
chr3_101654880,chr3,101654880,T,1,12,CAGAA,GAGTG,0.016025641025641024
chr3_39411876,chr3,39411876,T,1,10,TCCTC,GTAAC,0.01818181818181818
chr2_208336804,chr2,208336804,AT,2,7,AAACC,TTTTT,0.017699115044247787
chr3_188524545,chr3,188524545,A,1,10,TAATT,GAGGT,0.02586206896551724
chr3_138694607,chr3,138694607,T,1,10,TTTGG,CTAGT,0.012903225806451613
chr3_160502040,chr3,160502040,CA,2,5,ATATA,TATAT,0.012903225806451613
chr9_92299751,chr9,92299751,A,1,12,GTCTC,TAAAA,0.01893939393939394
chr1_100158444,chr1,100158444,T,1,11,ATAAC,GAGAC,0.01556420233463035
chr1_100270815,chr1,100270815,T,1,11,CTTTC,GAGAC,0.016260162601626018
chr1_103663067,chr1,103663067,T,1,10,TATTC,CTGTT,0.038950042337002534
chr1_103688891,chr1,103688891,A,1,10,AACAG,GAATA,0.036775106082036775
chr1_103757205,chr1,103757205,T,1,10,TATTC,CTGTT,0.03875968992248062
chr1_145903002,chr1,145903002,AC,2,10,TGCAG,ATACA,0.03642384105960265
chr18_58611820,chr18,58611820,A,1,13,ATCTG,TCCCC,0.02888086642599278
chr15_68695111,chr15,68695111,TC,2,7,CTCCT,TTTCT,0.028571428571428567
chr1_44851069,chr1,44851069,T,1,11,ACTGC,GGAGA,0.03636363636363636
chr1_66814183,chr1,66814183,A,1,10,CCCTG,GTCAC,0.015
chr1_32694653,chr1,32694653,A,1,13,ATCTC,CAAAA,0.02862985685071575
chr1_8445684,chr1,8445684,T,1,11,CCACC,ATGTT,0.02693602693602693
chr4_56966808,chr4,56966808,A,1,10,CAACT,CAAAC,0.014285714285714284
chr4_57031342,chr4,57031342,A,1,13,TGTTT,GATAA,0.031746031746031744
chr3_138173689,chr3,138173689,A,1,11,TTCCG,GAAAC,0.012389380530973451
chr4_9240815,chr4,9240815,AC,2,6,CGCAA,CCACA,0.018518518518518517
chr6_13597063,chr6,13597063,A,1,11,AAAAC,CAGAC,0.02710843373493976
chr1_215743341,chr1,215743341,AG,2,9,TTTAA,AACAT,0.017361111111111112
chr8_41497462,chr8,41497462,T,1,10,GTTGA,CCAAA,0.008064516129032258
chr1_8874731,chr1,8874731,T,1,10,ACAGA,CCTAA,0.009202453987730062
chr12_123632270,chr12,123632270,A,1,15,TCTTT,GAAAA,0.03807106598984772
chr19_45037283,chr19,45037283,A,1,15,CTCAG,GGCCA,0.04468085106382979
chr9_135702166,chr9,135702166,A,1,10,CGAGG,TGTTT,0.01824817518248175
chr1_29207128,chr1,29207128,T,1,10,TTTAA,GGAGA,0.00909090909090909
chr12_132859357,chr12,132859357,T,1,10,CAGTC,CGAGA,0.02
chr17_45149094,chr17,45149094,T,1,10,GACTG,CTTTT,0.009202453987730062
chr4_104491307,chr4,104491307,GCC,3,8,CTGCT,ACCGC,0.024193548387096774
chr19_2733503,chr19,2733503,GA,2,8,CACCC,CCCAC,0.025462962962962958
chr19_11431113,chr19,11431113,T,1,15,TCAAC,GAGAT,0.03015075376884422
chr12_121743555,chr12,121743555,A,1,11,CTCTC,GAAAA,0.0198019801980198
chr8_22195650,chr8,22195650,T,1,14,CAGAA,AGACA,0.02564102564102564
chr20_62286449,chr20,62286449,A,1,13,GTCTG,GGAGA,0.034408602150537634
